[
{
  "pk": 16, 
  "model": "core.request", 
  "fields": {
    "phone_number": "l;askf", 
    "first_name": "Blah", 
    "last_name": "Blah", 
    "middle_name": "Blah", 
    "citizenship": "TR", 
    "assignment": 3, 
    "birthdate": "2014-04-28", 
    "request_type": 4, 
    "ssn": "", 
    "created_by": 15, 
    "email": "as;lkjfd", 
    "comments": ""
  }
},
{
  "pk": 17, 
  "model": "core.request", 
  "fields": {
    "phone_number": "", 
    "first_name": "Bob", 
    "last_name": "Smith", 
    "middle_name": "Smith", 
    "citizenship": "UG", 
    "assignment": 3, 
    "birthdate": "2014-05-14", 
    "request_type": 4, 
    "ssn": "", 
    "created_by": 15, 
    "email": "bob@test.com", 
    "comments": ""
  }
},
{
  "pk": 20, 
  "model": "core.request", 
  "fields": {
    "phone_number": "123456788", 
    "first_name": "Peggy", 
    "last_name": " Adams", 
    "middle_name": "Lee", 
    "citizenship": "UG", 
    "assignment": 3, 
    "birthdate": "1941-06-25", 
    "request_type": 4, 
    "ssn": "234567890", 
    "created_by": 15, 
    "email": "peggy@target.com", 
    "comments": "Peggy is from Uganda"
  }
},
{
  "pk": 21, 
  "model": "core.request", 
  "fields": {
    "phone_number": "", 
    "first_name": "Nate", 
    "last_name": "Young", 
    "middle_name": "G", 
    "citizenship": "GB", 
    "assignment": 3, 
    "birthdate": "1956-03-17", 
    "request_type": 4, 
    "ssn": "", 
    "created_by": 15, 
    "email": "nate@target.com", 
    "comments": "Nate has been married three times"
  }
},
{
  "pk": 22, 
  "model": "core.request", 
  "fields": {
    "phone_number": "", 
    "first_name": "Brian", 
    "last_name": "Parsons", 
    "middle_name": "H", 
    "citizenship": "MX", 
    "assignment": 3, 
    "birthdate": "1975-06-14", 
    "request_type": 4, 
    "ssn": "", 
    "created_by": 15, 
    "email": "brian@gmail.com", 
    "comments": "Brian is an important hire. Please be thorough"
  }
},
{
  "pk": 24, 
  "model": "core.requeststatus", 
  "fields": {
    "status": 1, 
    "request": 16, 
    "comments": "", 
    "datetime": "2014-05-29T19:32:15.433Z"
  }
},
{
  "pk": 25, 
  "model": "core.requeststatus", 
  "fields": {
    "status": 1, 
    "request": 17, 
    "comments": "", 
    "datetime": "2014-05-30T21:27:07.453Z"
  }
},
{
  "pk": 37, 
  "model": "core.requeststatus", 
  "fields": {
    "status": 2, 
    "request": 16, 
    "comments": "", 
    "datetime": "2014-06-03T14:24:22.017Z"
  }
},
{
  "pk": 38, 
  "model": "core.requeststatus", 
  "fields": {
    "status": 3, 
    "request": 16, 
    "comments": "", 
    "datetime": "2014-06-03T16:08:33.330Z"
  }
},
{
  "pk": 39, 
  "model": "core.requeststatus", 
  "fields": {
    "status": 4, 
    "request": 16, 
    "comments": "submitted request", 
    "datetime": "2014-06-03T19:40:11Z"
  }
},
{
  "pk": 40, 
  "model": "core.requeststatus", 
  "fields": {
    "status": 2, 
    "request": 17, 
    "comments": "", 
    "datetime": "2014-06-03T20:05:18.483Z"
  }
},
{
  "pk": 41, 
  "model": "core.requeststatus", 
  "fields": {
    "status": 3, 
    "request": 17, 
    "comments": "", 
    "datetime": "2014-06-03T20:05:44.329Z"
  }
},
{
  "pk": 42, 
  "model": "core.requeststatus", 
  "fields": {
    "status": 4, 
    "request": 17, 
    "comments": "submitted request", 
    "datetime": "2014-06-03T20:21:59.907Z"
  }
},
{
  "pk": 43, 
  "model": "core.requeststatus", 
  "fields": {
    "status": 1, 
    "request": 20, 
    "comments": "", 
    "datetime": "2014-06-03T20:28:21.500Z"
  }
},
{
  "pk": 44, 
  "model": "core.requeststatus", 
  "fields": {
    "status": 2, 
    "request": 20, 
    "comments": "", 
    "datetime": "2014-06-03T20:29:39.015Z"
  }
},
{
  "pk": 45, 
  "model": "core.requeststatus", 
  "fields": {
    "status": 3, 
    "request": 20, 
    "comments": "", 
    "datetime": "2014-06-03T20:31:31.457Z"
  }
},
{
  "pk": 46, 
  "model": "core.requeststatus", 
  "fields": {
    "status": 4, 
    "request": 20, 
    "comments": "General Comments", 
    "datetime": "2014-06-03T20:33:13.270Z"
  }
},
{
  "pk": 47, 
  "model": "core.requeststatus", 
  "fields": {
    "status": 1, 
    "request": 21, 
    "comments": "", 
    "datetime": "2014-06-04T00:38:27.914Z"
  }
},
{
  "pk": 48, 
  "model": "core.requeststatus", 
  "fields": {
    "status": 7, 
    "request": 21, 
    "comments": "", 
    "datetime": "2014-06-04T00:44:04.508Z"
  }
},
{
  "pk": 49, 
  "model": "core.requeststatus", 
  "fields": {
    "status": 1, 
    "request": 21, 
    "comments": "", 
    "datetime": "2014-06-04T00:53:18.308Z"
  }
},
{
  "pk": 50, 
  "model": "core.requeststatus", 
  "fields": {
    "status": 2, 
    "request": 21, 
    "comments": "", 
    "datetime": "2014-06-04T00:53:45.455Z"
  }
},
{
  "pk": 51, 
  "model": "core.requeststatus", 
  "fields": {
    "status": 6, 
    "request": 21, 
    "comments": "", 
    "datetime": "2014-06-04T00:54:16.935Z"
  }
},
{
  "pk": 52, 
  "model": "core.requeststatus", 
  "fields": {
    "status": 8, 
    "request": 21, 
    "comments": "", 
    "datetime": "2014-06-04T00:56:44.128Z"
  }
},
{
  "pk": 53, 
  "model": "core.requeststatus", 
  "fields": {
    "status": 3, 
    "request": 21, 
    "comments": "", 
    "datetime": "2014-06-04T01:06:21.370Z"
  }
},
{
  "pk": 54, 
  "model": "core.requeststatus", 
  "fields": {
    "status": 4, 
    "request": 21, 
    "comments": "submitted request", 
    "datetime": "2014-06-04T09:50:57.381Z"
  }
},
{
  "pk": 55, 
  "model": "core.requeststatus", 
  "fields": {
    "status": 5, 
    "request": 16, 
    "comments": "", 
    "datetime": "2014-06-04T09:55:18.957Z"
  }
},
{
  "pk": 56, 
  "model": "core.requeststatus", 
  "fields": {
    "status": 1, 
    "request": 22, 
    "comments": "", 
    "datetime": "2014-06-04T09:57:29.342Z"
  }
},
{
  "pk": 57, 
  "model": "core.requeststatus", 
  "fields": {
    "status": 2, 
    "request": 22, 
    "comments": "", 
    "datetime": "2014-06-04T09:57:59.507Z"
  }
},
{
  "pk": 58, 
  "model": "core.requeststatus", 
  "fields": {
    "status": 3, 
    "request": 22, 
    "comments": "", 
    "datetime": "2014-06-04T09:58:26.406Z"
  }
},
{
  "pk": 59, 
  "model": "core.requeststatus", 
  "fields": {
    "status": 6, 
    "request": 22, 
    "comments": "", 
    "datetime": "2014-06-04T10:06:07.697Z"
  }
},
{
  "pk": 60, 
  "model": "core.requeststatus", 
  "fields": {
    "status": 7, 
    "request": 22, 
    "comments": "", 
    "datetime": "2014-06-04T10:14:20.831Z"
  }
},
{
  "pk": 61, 
  "model": "core.requeststatus", 
  "fields": {
    "status": 9, 
    "request": 22, 
    "comments": "", 
    "datetime": "2014-06-04T10:15:18.801Z"
  }
},
{
  "pk": 5, 
  "model": "core.requestservicestatus", 
  "fields": {
    "datetime": "2014-06-03", 
    "request": 16, 
    "results": true, 
    "service": 18, 
    "comments": "test"
  }
},
{
  "pk": 6, 
  "model": "core.requestservicestatus", 
  "fields": {
    "datetime": "2014-06-03", 
    "request": 16, 
    "results": true, 
    "service": 19, 
    "comments": "test 2"
  }
},
{
  "pk": 7, 
  "model": "core.requestservicestatus", 
  "fields": {
    "datetime": "2014-06-03", 
    "request": 17, 
    "results": true, 
    "service": 18, 
    "comments": "test"
  }
},
{
  "pk": 8, 
  "model": "core.requestservicestatus", 
  "fields": {
    "datetime": "2014-06-03", 
    "request": 17, 
    "results": true, 
    "service": 19, 
    "comments": ""
  }
},
{
  "pk": 9, 
  "model": "core.requestservicestatus", 
  "fields": {
    "datetime": "2014-06-03", 
    "request": 20, 
    "results": true, 
    "service": 18, 
    "comments": "found issues"
  }
},
{
  "pk": 10, 
  "model": "core.requestservicestatus", 
  "fields": {
    "datetime": "2014-06-03", 
    "request": 20, 
    "results": true, 
    "service": 19, 
    "comments": ""
  }
},
{
  "pk": 11, 
  "model": "core.requestservicestatus", 
  "fields": {
    "datetime": "2014-06-04", 
    "request": 21, 
    "results": true, 
    "service": 18, 
    "comments": "save test"
  }
},
{
  "pk": 12, 
  "model": "core.requestservicestatus", 
  "fields": {
    "datetime": "2014-06-04", 
    "request": 21, 
    "results": true, 
    "service": 19, 
    "comments": ""
  }
},
{
  "pk": 13, 
  "model": "core.requestservicestatus", 
  "fields": {
    "datetime": "2014-06-04", 
    "request": 22, 
    "results": false, 
    "service": 18, 
    "comments": ""
  }
},
{
  "pk": 14, 
  "model": "core.requestservicestatus", 
  "fields": {
    "datetime": "2014-06-04", 
    "request": 22, 
    "results": false, 
    "service": 19, 
    "comments": ""
  }
},
{
  "pk": 3, 
  "model": "core.company", 
  "fields": {
    "name": "Target"
  }
},
{
  "pk": 4, 
  "model": "core.company", 
  "fields": {
    "name": "Walmart"
  }
},
{
  "pk": 5, 
  "model": "core.company", 
  "fields": {
    "name": "Lawfirm"
  }
},
{
  "pk": 15, 
  "model": "core.companyemployee", 
  "fields": {
    "phone_number": "12345677", 
    "position": "HR", 
    "company": 3, 
    "is_activated": true, 
    "user": [
      "target1@target.com"
    ]
  }
},
{
  "pk": 16, 
  "model": "core.companyemployee", 
  "fields": {
    "phone_number": "12345678", 
    "position": "HR", 
    "company": 3, 
    "is_activated": false, 
    "user": [
      "target2@target.com"
    ]
  }
},
{
  "pk": 17, 
  "model": "core.companyemployee", 
  "fields": {
    "phone_number": "123445677", 
    "position": "HR", 
    "company": 4, 
    "is_activated": false, 
    "user": [
      "walmart1@walmart.com"
    ]
  }
},
{
  "pk": 18, 
  "model": "core.companyemployee", 
  "fields": {
    "phone_number": "123456788", 
    "position": "HR", 
    "company": 5, 
    "is_activated": false, 
    "user": [
      "lawfirm1@lawfirm.com"
    ]
  }
},
{
  "pk": 19, 
  "model": "core.companyemployee", 
  "fields": {
    "phone_number": "bal", 
    "position": "bla", 
    "company": 3, 
    "is_activated": false, 
    "user": [
      "suzanne@test.com"
    ]
  }
},
{
  "pk": 20, 
  "model": "core.companyemployee", 
  "fields": {
    "phone_number": "123456788", 
    "position": "walmart hr", 
    "company": 4, 
    "is_activated": true, 
    "user": [
      "walmart2@walmart.com"
    ]
  }
},
{
  "pk": 21, 
  "model": "core.companyemployee", 
  "fields": {
    "phone_number": "123456", 
    "position": "hr", 
    "company": 5, 
    "is_activated": false, 
    "user": [
      "lawfirm2@lawfirm.com"
    ]
  }
},
{
  "pk": 22, 
  "model": "core.companyemployee", 
  "fields": {
    "phone_number": "123456", 
    "position": "hr", 
    "company": 5, 
    "is_activated": false, 
    "user": [
      "lawfirm3@lawfirm.com"
    ]
  }
},
{
  "pk": 23, 
  "model": "core.companyemployee", 
  "fields": {
    "phone_number": "123456", 
    "position": "hr", 
    "company": 5, 
    "is_activated": false, 
    "user": [
      "lawfirm4@lawfirm.com"
    ]
  }
},
{
  "pk": 24, 
  "model": "core.companyemployee", 
  "fields": {
    "phone_number": "12345667", 
    "position": "hr", 
    "company": 5, 
    "is_activated": false, 
    "user": [
      "lawfirm10@lawfirm.com"
    ]
  }
},
{
  "pk": 25, 
  "model": "core.companyemployee", 
  "fields": {
    "phone_number": "12334556", 
    "position": "hr", 
    "company": 5, 
    "is_activated": false, 
    "user": [
      "lawfirm12@lawfirm.com"
    ]
  }
},
{
  "pk": 26, 
  "model": "core.companyemployee", 
  "fields": {
    "phone_number": "test", 
    "position": "test", 
    "company": 5, 
    "is_activated": false, 
    "user": [
      "lawfirm13@lawfirm.com"
    ]
  }
},
{
  "pk": 2, 
  "model": "core.spotlitstaff", 
  "fields": {
    "phone_number": "123456788", 
    "is_activated": false, 
    "user": [
      "manager"
    ]
  }
},
{
  "pk": 3, 
  "model": "core.spotlitstaff", 
  "fields": {
    "phone_number": "23345667788", 
    "is_activated": false, 
    "user": [
      "analyst1"
    ]
  }
},
{
  "pk": 3, 
  "model": "core.duediligencetype", 
  "fields": {
    "name": "Human Resources"
  }
},
{
  "pk": 4, 
  "model": "core.duediligencetype", 
  "fields": {
    "name": "Investigative"
  }
},
{
  "pk": 5, 
  "model": "core.duediligencetype", 
  "fields": {
    "name": "Regulatory Compliance"
  }
},
{
  "pk": 6, 
  "model": "core.duediligencetype", 
  "fields": {
    "name": "Business Investment"
  }
},
{
  "pk": 4, 
  "model": "core.service", 
  "fields": {
    "name": "Biographical Source Review", 
    "description": "Biographical Source Review\r\n"
  }
},
{
  "pk": 5, 
  "model": "core.service", 
  "fields": {
    "name": "Business References", 
    "description": "Business References\r\n"
  }
},
{
  "pk": 6, 
  "model": "core.service", 
  "fields": {
    "name": "Drug Screening Service", 
    "description": "Drug Screening Service\r\n"
  }
},
{
  "pk": 7, 
  "model": "core.service", 
  "fields": {
    "name": "Embassy Reference", 
    "description": "Embassy Reference\r\n"
  }
},
{
  "pk": 8, 
  "model": "core.service", 
  "fields": {
    "name": "Enhanced Motor Vehicle Services", 
    "description": "Enhanced Motor Vehicle Services\r\n"
  }
},
{
  "pk": 9, 
  "model": "core.service", 
  "fields": {
    "name": "Federal & State Criminal Records", 
    "description": "Federal & State Criminal Records\r\n"
  }
},
{
  "pk": 10, 
  "model": "core.service", 
  "fields": {
    "name": "Federal Clearance Verification", 
    "description": "Federal Clearance Verification\r\n"
  }
},
{
  "pk": 11, 
  "model": "core.service", 
  "fields": {
    "name": "Global Media / Negative News Profile", 
    "description": "Global Media / Negative News Profile\r\n"
  }
},
{
  "pk": 12, 
  "model": "core.service", 
  "fields": {
    "name": "Global Sanctions & Watchlists", 
    "description": "Global Sanctions & Watchlists\r\n"
  }
},
{
  "pk": 13, 
  "model": "core.service", 
  "fields": {
    "name": "I-9 Verifications ", 
    "description": "I-9 Verifications \r\n"
  }
},
{
  "pk": 14, 
  "model": "core.service", 
  "fields": {
    "name": "Individual Stakeholder Review", 
    "description": "Individual Stakeholder Review\r\n"
  }
},
{
  "pk": 15, 
  "model": "core.service", 
  "fields": {
    "name": "International, Federal, and State Legal Source Review", 
    "description": "International, Federal, and State Legal Source Review\r\n"
  }
},
{
  "pk": 16, 
  "model": "core.service", 
  "fields": {
    "name": "Legal Source Reviews / Judiciary Case Search", 
    "description": "Legal Source Reviews / Judiciary Case Search\r\n"
  }
},
{
  "pk": 17, 
  "model": "core.service", 
  "fields": {
    "name": "Open Source & Public Records Search", 
    "description": "Open Source & Public Records Search\r\n"
  }
},
{
  "pk": 18, 
  "model": "core.service", 
  "fields": {
    "name": "Open Source Search", 
    "description": "Open Source Search\r\n"
  }
},
{
  "pk": 19, 
  "model": "core.service", 
  "fields": {
    "name": "Politically Exposed Persons (PEP) Screen", 
    "description": "Politically Exposed Persons (PEP) Screen\r\n"
  }
},
{
  "pk": 20, 
  "model": "core.service", 
  "fields": {
    "name": "Public Records Search", 
    "description": "Public Records Search\r\n"
  }
},
{
  "pk": 21, 
  "model": "core.service", 
  "fields": {
    "name": "Security Questionnaires", 
    "description": "Security Questionnaires\r\n"
  }
},
{
  "pk": 22, 
  "model": "core.service", 
  "fields": {
    "name": "Social Security Trace & Address Locator", 
    "description": "Social Security Trace & Address Locator\r\n"
  }
},
{
  "pk": 4, 
  "model": "core.duediligencetypeservices", 
  "fields": {
    "due_diligence_type": 3, 
    "service": 22
  }
},
{
  "pk": 5, 
  "model": "core.duediligencetypeservices", 
  "fields": {
    "due_diligence_type": 3, 
    "service": 9
  }
},
{
  "pk": 6, 
  "model": "core.duediligencetypeservices", 
  "fields": {
    "due_diligence_type": 3, 
    "service": 20
  }
},
{
  "pk": 7, 
  "model": "core.duediligencetypeservices", 
  "fields": {
    "due_diligence_type": 3, 
    "service": 11
  }
},
{
  "pk": 8, 
  "model": "core.duediligencetypeservices", 
  "fields": {
    "due_diligence_type": 3, 
    "service": 16
  }
},
{
  "pk": 9, 
  "model": "core.duediligencetypeservices", 
  "fields": {
    "due_diligence_type": 3, 
    "service": 18
  }
},
{
  "pk": 10, 
  "model": "core.duediligencetypeservices", 
  "fields": {
    "due_diligence_type": 3, 
    "service": 13
  }
},
{
  "pk": 11, 
  "model": "core.duediligencetypeservices", 
  "fields": {
    "due_diligence_type": 3, 
    "service": 6
  }
},
{
  "pk": 12, 
  "model": "core.duediligencetypeservices", 
  "fields": {
    "due_diligence_type": 3, 
    "service": 8
  }
},
{
  "pk": 13, 
  "model": "core.duediligencetypeservices", 
  "fields": {
    "due_diligence_type": 3, 
    "service": 10
  }
},
{
  "pk": 14, 
  "model": "core.duediligencetypeservices", 
  "fields": {
    "due_diligence_type": 4, 
    "service": 11
  }
},
{
  "pk": 15, 
  "model": "core.duediligencetypeservices", 
  "fields": {
    "due_diligence_type": 4, 
    "service": 14
  }
},
{
  "pk": 16, 
  "model": "core.duediligencetypeservices", 
  "fields": {
    "due_diligence_type": 4, 
    "service": 4
  }
},
{
  "pk": 17, 
  "model": "core.duediligencetypeservices", 
  "fields": {
    "due_diligence_type": 4, 
    "service": 12
  }
},
{
  "pk": 18, 
  "model": "core.duediligencetypeservices", 
  "fields": {
    "due_diligence_type": 4, 
    "service": 19
  }
},
{
  "pk": 19, 
  "model": "core.duediligencetypeservices", 
  "fields": {
    "due_diligence_type": 4, 
    "service": 15
  }
},
{
  "pk": 20, 
  "model": "core.duediligencetypeservices", 
  "fields": {
    "due_diligence_type": 4, 
    "service": 17
  }
},
{
  "pk": 21, 
  "model": "core.duediligencetypeservices", 
  "fields": {
    "due_diligence_type": 4, 
    "service": 7
  }
},
{
  "pk": 22, 
  "model": "core.duediligencetypeservices", 
  "fields": {
    "due_diligence_type": 4, 
    "service": 5
  }
},
{
  "pk": 23, 
  "model": "core.duediligencetypeservices", 
  "fields": {
    "due_diligence_type": 4, 
    "service": 21
  }
},
{
  "pk": 24, 
  "model": "core.duediligencetypeservices", 
  "fields": {
    "due_diligence_type": 5, 
    "service": 11
  }
},
{
  "pk": 25, 
  "model": "core.duediligencetypeservices", 
  "fields": {
    "due_diligence_type": 5, 
    "service": 14
  }
},
{
  "pk": 26, 
  "model": "core.duediligencetypeservices", 
  "fields": {
    "due_diligence_type": 5, 
    "service": 4
  }
},
{
  "pk": 27, 
  "model": "core.duediligencetypeservices", 
  "fields": {
    "due_diligence_type": 5, 
    "service": 12
  }
},
{
  "pk": 28, 
  "model": "core.duediligencetypeservices", 
  "fields": {
    "due_diligence_type": 5, 
    "service": 19
  }
},
{
  "pk": 29, 
  "model": "core.duediligencetypeservices", 
  "fields": {
    "due_diligence_type": 5, 
    "service": 15
  }
},
{
  "pk": 30, 
  "model": "core.duediligencetypeservices", 
  "fields": {
    "due_diligence_type": 5, 
    "service": 17
  }
},
{
  "pk": 31, 
  "model": "core.duediligencetypeservices", 
  "fields": {
    "due_diligence_type": 5, 
    "service": 7
  }
},
{
  "pk": 32, 
  "model": "core.duediligencetypeservices", 
  "fields": {
    "due_diligence_type": 5, 
    "service": 5
  }
},
{
  "pk": 33, 
  "model": "core.duediligencetypeservices", 
  "fields": {
    "due_diligence_type": 5, 
    "service": 21
  }
},
{
  "pk": 34, 
  "model": "core.duediligencetypeservices", 
  "fields": {
    "due_diligence_type": 6, 
    "service": 11
  }
},
{
  "pk": 35, 
  "model": "core.duediligencetypeservices", 
  "fields": {
    "due_diligence_type": 6, 
    "service": 14
  }
},
{
  "pk": 36, 
  "model": "core.duediligencetypeservices", 
  "fields": {
    "due_diligence_type": 6, 
    "service": 4
  }
},
{
  "pk": 37, 
  "model": "core.duediligencetypeservices", 
  "fields": {
    "due_diligence_type": 6, 
    "service": 12
  }
},
{
  "pk": 38, 
  "model": "core.duediligencetypeservices", 
  "fields": {
    "due_diligence_type": 6, 
    "service": 19
  }
},
{
  "pk": 39, 
  "model": "core.duediligencetypeservices", 
  "fields": {
    "due_diligence_type": 6, 
    "service": 15
  }
},
{
  "pk": 40, 
  "model": "core.duediligencetypeservices", 
  "fields": {
    "due_diligence_type": 6, 
    "service": 17
  }
},
{
  "pk": 41, 
  "model": "core.duediligencetypeservices", 
  "fields": {
    "due_diligence_type": 6, 
    "service": 7
  }
},
{
  "pk": 42, 
  "model": "core.duediligencetypeservices", 
  "fields": {
    "due_diligence_type": 6, 
    "service": 5
  }
},
{
  "pk": 43, 
  "model": "core.duediligencetypeservices", 
  "fields": {
    "due_diligence_type": 6, 
    "service": 21
  }
},
{
  "pk": 4, 
  "model": "core.companyduediligencetypeselection", 
  "fields": {
    "company": 3, 
    "level": 1, 
    "due_diligence_type": 4, 
    "comments": "basic", 
    "name": "Targetn Investigative Basic"
  }
},
{
  "pk": 5, 
  "model": "core.companyduediligencetypeselection", 
  "fields": {
    "company": 4, 
    "level": 2, 
    "due_diligence_type": 3, 
    "comments": "TEST!", 
    "name": "Walmart Human Resrouces Standard"
  }
},
{
  "pk": 6, 
  "model": "core.companyduediligencetypeselection", 
  "fields": {
    "company": 5, 
    "level": 1, 
    "due_diligence_type": 4, 
    "comments": "basic", 
    "name": "Lawfirm Investigative"
  }
},
{
  "pk": 7, 
  "model": "core.companyduediligencetypeselection", 
  "fields": {
    "company": 5, 
    "level": 1, 
    "due_diligence_type": 3, 
    "comments": "basic", 
    "name": "Lawfirm Human Resources Basic"
  }
},
{
  "pk": 8, 
  "model": "core.companyduediligencetypeselection", 
  "fields": {
    "company": 5, 
    "level": 3, 
    "due_diligence_type": 6, 
    "comments": "in depth", 
    "name": "Lawfirm Business Investment In Depth"
  }
},
{
  "pk": 9, 
  "model": "core.companyduediligencetypeselection", 
  "fields": {
    "company": 5, 
    "level": 1, 
    "due_diligence_type": 5, 
    "comments": "Basic", 
    "name": "Lawfirm Regulatory Compliance Basic"
  }
},
{
  "pk": 10, 
  "model": "core.companyduediligencetypeselection", 
  "fields": {
    "company": 3, 
    "level": 3, 
    "due_diligence_type": 3, 
    "comments": "Test editing again again again!!!", 
    "name": "Test Editing Again!!"
  }
},
{
  "pk": 11, 
  "model": "core.companyduediligencetypeselection", 
  "fields": {
    "company": 3, 
    "level": 2, 
    "due_diligence_type": 3, 
    "comments": "Test edit", 
    "name": "Test Editing2"
  }
},
{
  "pk": 12, 
  "model": "core.companyduediligencetypeselection", 
  "fields": {
    "company": 3, 
    "level": 3, 
    "due_diligence_type": 3, 
    "comments": "TEST!!!!", 
    "name": "Test Duplicates! What is happening?"
  }
},
{
  "pk": 13, 
  "model": "core.companyduediligencetypeselection", 
  "fields": {
    "company": 3, 
    "level": 1, 
    "due_diligence_type": 3, 
    "comments": "Test edit", 
    "name": "Test"
  }
},
{
  "pk": 8, 
  "model": "core.companyserviceselection", 
  "fields": {
    "dd_type": 5, 
    "service": 11
  }
},
{
  "pk": 9, 
  "model": "core.companyserviceselection", 
  "fields": {
    "dd_type": 5, 
    "service": 13
  }
},
{
  "pk": 10, 
  "model": "core.companyserviceselection", 
  "fields": {
    "dd_type": 6, 
    "service": 7
  }
},
{
  "pk": 11, 
  "model": "core.companyserviceselection", 
  "fields": {
    "dd_type": 6, 
    "service": 21
  }
},
{
  "pk": 12, 
  "model": "core.companyserviceselection", 
  "fields": {
    "dd_type": 7, 
    "service": 11
  }
},
{
  "pk": 13, 
  "model": "core.companyserviceselection", 
  "fields": {
    "dd_type": 7, 
    "service": 13
  }
},
{
  "pk": 14, 
  "model": "core.companyserviceselection", 
  "fields": {
    "dd_type": 8, 
    "service": 21
  }
},
{
  "pk": 15, 
  "model": "core.companyserviceselection", 
  "fields": {
    "dd_type": 8, 
    "service": 4
  }
},
{
  "pk": 16, 
  "model": "core.companyserviceselection", 
  "fields": {
    "dd_type": 9, 
    "service": 21
  }
},
{
  "pk": 17, 
  "model": "core.companyserviceselection", 
  "fields": {
    "dd_type": 9, 
    "service": 19
  }
},
{
  "pk": 18, 
  "model": "core.companyserviceselection", 
  "fields": {
    "dd_type": 4, 
    "service": 11
  }
},
{
  "pk": 19, 
  "model": "core.companyserviceselection", 
  "fields": {
    "dd_type": 4, 
    "service": 17
  }
},
{
  "pk": 24, 
  "model": "core.companyserviceselection", 
  "fields": {
    "dd_type": 13, 
    "service": 22
  }
},
{
  "pk": 25, 
  "model": "core.companyserviceselection", 
  "fields": {
    "dd_type": 13, 
    "service": 11
  }
},
{
  "pk": 26, 
  "model": "core.companyserviceselection", 
  "fields": {
    "dd_type": 13, 
    "service": 16
  }
},
{
  "pk": 27, 
  "model": "core.companyserviceselection", 
  "fields": {
    "dd_type": 13, 
    "service": 8
  }
},
{
  "pk": 34, 
  "model": "core.companyserviceselection", 
  "fields": {
    "dd_type": 11, 
    "service": 9
  }
},
{
  "pk": 35, 
  "model": "core.companyserviceselection", 
  "fields": {
    "dd_type": 10, 
    "service": 22
  }
},
{
  "pk": 36, 
  "model": "core.companyserviceselection", 
  "fields": {
    "dd_type": 10, 
    "service": 22
  }
},
{
  "pk": 37, 
  "model": "core.companyserviceselection", 
  "fields": {
    "dd_type": 10, 
    "service": 22
  }
},
{
  "pk": 38, 
  "model": "core.companyserviceselection", 
  "fields": {
    "dd_type": 10, 
    "service": 8
  }
},
{
  "pk": 39, 
  "model": "core.companyserviceselection", 
  "fields": {
    "dd_type": 10, 
    "service": 22
  }
},
{
  "pk": 47, 
  "model": "core.companyserviceselection", 
  "fields": {
    "dd_type": 12, 
    "service": 10
  }
},
{
  "pk": 49, 
  "model": "core.companyserviceselection", 
  "fields": {
    "dd_type": 12, 
    "service": 16
  }
},
{
  "pk": 50, 
  "model": "core.companyserviceselection", 
  "fields": {
    "dd_type": 5, 
    "service": 10
  }
},
{
  "pk": 51, 
  "model": "core.companyserviceselection", 
  "fields": {
    "dd_type": 12, 
    "service": 13
  }
}
]
