[
{
  "pk": 24, 
  "model": "core.requeststatus", 
  "fields": {
    "status": 1, 
    "request": 16, 
    "comments": "", 
    "datetime": "2014-05-29T19:32:15.433Z"
  }
},
{
  "pk": 25, 
  "model": "core.requeststatus", 
  "fields": {
    "status": 1, 
    "request": 17, 
    "comments": "", 
    "datetime": "2014-05-30T21:27:07.453Z"
  }
},
{
  "pk": 37, 
  "model": "core.requeststatus", 
  "fields": {
    "status": 2, 
    "request": 16, 
    "comments": "", 
    "datetime": "2014-06-03T14:24:22.017Z"
  }
},
{
  "pk": 38, 
  "model": "core.requeststatus", 
  "fields": {
    "status": 3, 
    "request": 16, 
    "comments": "", 
    "datetime": "2014-06-03T16:08:33.330Z"
  }
},
{
  "pk": 39, 
  "model": "core.requeststatus", 
  "fields": {
    "status": 4, 
    "request": 16, 
    "comments": "submitted request", 
    "datetime": "2014-06-03T19:40:11Z"
  }
},
{
  "pk": 40, 
  "model": "core.requeststatus", 
  "fields": {
    "status": 2, 
    "request": 17, 
    "comments": "", 
    "datetime": "2014-06-03T20:05:18.483Z"
  }
},
{
  "pk": 41, 
  "model": "core.requeststatus", 
  "fields": {
    "status": 3, 
    "request": 17, 
    "comments": "", 
    "datetime": "2014-06-03T20:05:44.329Z"
  }
},
{
  "pk": 42, 
  "model": "core.requeststatus", 
  "fields": {
    "status": 4, 
    "request": 17, 
    "comments": "submitted request", 
    "datetime": "2014-06-03T20:21:59.907Z"
  }
},
{
  "pk": 43, 
  "model": "core.requeststatus", 
  "fields": {
    "status": 1, 
    "request": 20, 
    "comments": "", 
    "datetime": "2014-06-03T20:28:21.500Z"
  }
},
{
  "pk": 44, 
  "model": "core.requeststatus", 
  "fields": {
    "status": 2, 
    "request": 20, 
    "comments": "", 
    "datetime": "2014-06-03T20:29:39.015Z"
  }
},
{
  "pk": 45, 
  "model": "core.requeststatus", 
  "fields": {
    "status": 3, 
    "request": 20, 
    "comments": "", 
    "datetime": "2014-06-03T20:31:31.457Z"
  }
},
{
  "pk": 46, 
  "model": "core.requeststatus", 
  "fields": {
    "status": 4, 
    "request": 20, 
    "comments": "General Comments", 
    "datetime": "2014-06-03T20:33:13.270Z"
  }
},
{
  "pk": 47, 
  "model": "core.requeststatus", 
  "fields": {
    "status": 1, 
    "request": 21, 
    "comments": "", 
    "datetime": "2014-06-04T00:38:27.914Z"
  }
},
{
  "pk": 48, 
  "model": "core.requeststatus", 
  "fields": {
    "status": 7, 
    "request": 21, 
    "comments": "", 
    "datetime": "2014-06-04T00:44:04.508Z"
  }
},
{
  "pk": 49, 
  "model": "core.requeststatus", 
  "fields": {
    "status": 1, 
    "request": 21, 
    "comments": "", 
    "datetime": "2014-06-04T00:53:18.308Z"
  }
},
{
  "pk": 50, 
  "model": "core.requeststatus", 
  "fields": {
    "status": 2, 
    "request": 21, 
    "comments": "", 
    "datetime": "2014-06-04T00:53:45.455Z"
  }
},
{
  "pk": 51, 
  "model": "core.requeststatus", 
  "fields": {
    "status": 6, 
    "request": 21, 
    "comments": "", 
    "datetime": "2014-06-04T00:54:16.935Z"
  }
},
{
  "pk": 52, 
  "model": "core.requeststatus", 
  "fields": {
    "status": 8, 
    "request": 21, 
    "comments": "", 
    "datetime": "2014-06-04T00:56:44.128Z"
  }
},
{
  "pk": 53, 
  "model": "core.requeststatus", 
  "fields": {
    "status": 3, 
    "request": 21, 
    "comments": "", 
    "datetime": "2014-06-04T01:06:21.370Z"
  }
},
{
  "pk": 54, 
  "model": "core.requeststatus", 
  "fields": {
    "status": 4, 
    "request": 21, 
    "comments": "submitted request", 
    "datetime": "2014-06-04T09:50:57.381Z"
  }
},
{
  "pk": 55, 
  "model": "core.requeststatus", 
  "fields": {
    "status": 5, 
    "request": 16, 
    "comments": "", 
    "datetime": "2014-06-04T09:55:18.957Z"
  }
},
{
  "pk": 56, 
  "model": "core.requeststatus", 
  "fields": {
    "status": 1, 
    "request": 22, 
    "comments": "", 
    "datetime": "2014-06-04T09:57:29.342Z"
  }
},
{
  "pk": 57, 
  "model": "core.requeststatus", 
  "fields": {
    "status": 2, 
    "request": 22, 
    "comments": "", 
    "datetime": "2014-06-04T09:57:59.507Z"
  }
},
{
  "pk": 58, 
  "model": "core.requeststatus", 
  "fields": {
    "status": 3, 
    "request": 22, 
    "comments": "", 
    "datetime": "2014-06-04T09:58:26.406Z"
  }
},
{
  "pk": 59, 
  "model": "core.requeststatus", 
  "fields": {
    "status": 6, 
    "request": 22, 
    "comments": "", 
    "datetime": "2014-06-04T10:06:07.697Z"
  }
},
{
  "pk": 60, 
  "model": "core.requeststatus", 
  "fields": {
    "status": 7, 
    "request": 22, 
    "comments": "", 
    "datetime": "2014-06-04T10:14:20.831Z"
  }
},
{
  "pk": 61, 
  "model": "core.requeststatus", 
  "fields": {
    "status": 9, 
    "request": 22, 
    "comments": "", 
    "datetime": "2014-06-04T10:15:18.801Z"
  }
},
{
  "pk": 62, 
  "model": "core.requeststatus", 
  "fields": {
    "status": 7, 
    "request": 17, 
    "comments": "", 
    "datetime": "2014-06-04T19:26:12.556Z"
  }
},
{
  "pk": 63, 
  "model": "core.requeststatus", 
  "fields": {
    "status": 1, 
    "request": 17, 
    "comments": "", 
    "datetime": "2014-06-04T19:26:56.992Z"
  }
},
{
  "pk": 64, 
  "model": "core.requeststatus", 
  "fields": {
    "status": 2, 
    "request": 17, 
    "comments": "", 
    "datetime": "2014-06-04T19:27:27.560Z"
  }
},
{
  "pk": 65, 
  "model": "core.requeststatus", 
  "fields": {
    "status": 3, 
    "request": 17, 
    "comments": "", 
    "datetime": "2014-06-04T19:28:11.506Z"
  }
},
{
  "pk": 66, 
  "model": "core.requeststatus", 
  "fields": {
    "status": 4, 
    "request": 17, 
    "comments": "submitted request", 
    "datetime": "2014-06-04T19:28:43.852Z"
  }
},
{
  "pk": 67, 
  "model": "core.requeststatus", 
  "fields": {
    "status": 8, 
    "request": 17, 
    "comments": "", 
    "datetime": "2014-06-04T19:34:22.547Z"
  }
},
{
  "pk": 68, 
  "model": "core.requeststatus", 
  "fields": {
    "status": 3, 
    "request": 17, 
    "comments": "", 
    "datetime": "2014-06-04T19:43:44.291Z"
  }
},
{
  "pk": 69, 
  "model": "core.requeststatus", 
  "fields": {
    "status": 4, 
    "request": 17, 
    "comments": "submitted request", 
    "datetime": "2014-06-04T19:44:20.736Z"
  }
},
{
  "pk": 70, 
  "model": "core.requeststatus", 
  "fields": {
    "status": 1, 
    "request": 23, 
    "comments": "", 
    "datetime": "2014-06-05T19:07:58.366Z"
  }
},
{
  "pk": 71, 
  "model": "core.requeststatus", 
  "fields": {
    "status": 1, 
    "request": 24, 
    "comments": "New request comment", 
    "datetime": "2014-06-05T19:09:39Z"
  }
},
{
  "pk": 72, 
  "model": "core.requeststatus", 
  "fields": {
    "status": 2, 
    "request": 24, 
    "comments": "", 
    "datetime": "2014-06-06T20:03:45.951Z"
  }
},
{
  "pk": 73, 
  "model": "core.requeststatus", 
  "fields": {
    "status": 2, 
    "request": 24, 
    "comments": "", 
    "datetime": "2014-06-06T20:06:30.909Z"
  }
},
{
  "pk": 74, 
  "model": "core.requeststatus", 
  "fields": {
    "status": 7, 
    "request": 24, 
    "comments": "", 
    "datetime": "2014-06-07T11:34:10.708Z"
  }
},
{
  "pk": 75, 
  "model": "core.requeststatus", 
  "fields": {
    "status": 2, 
    "request": 23, 
    "comments": "", 
    "datetime": "2014-06-08T19:52:57.075Z"
  }
},
{
  "pk": 76, 
  "model": "core.requeststatus", 
  "fields": {
    "status": 6, 
    "request": 23, 
    "comments": "", 
    "datetime": "2014-06-08T20:33:47.245Z"
  }
},
{
  "pk": 77, 
  "model": "core.requeststatus", 
  "fields": {
    "status": 8, 
    "request": 23, 
    "comments": "", 
    "datetime": "2014-06-08T20:38:32.036Z"
  }
},
{
  "pk": 78, 
  "model": "core.requeststatus", 
  "fields": {
    "status": 6, 
    "request": 23, 
    "comments": "", 
    "datetime": "2014-06-08T20:39:24.915Z"
  }
},
{
  "pk": 79, 
  "model": "core.requeststatus", 
  "fields": {
    "status": 6, 
    "request": 23, 
    "comments": "", 
    "datetime": "2014-06-08T20:40:40.827Z"
  }
},
{
  "pk": 80, 
  "model": "core.requeststatus", 
  "fields": {
    "status": 8, 
    "request": 23, 
    "comments": "", 
    "datetime": "2014-06-08T20:42:42.762Z"
  }
},
{
  "pk": 81, 
  "model": "core.requeststatus", 
  "fields": {
    "status": 6, 
    "request": 23, 
    "comments": "comments about rejection", 
    "datetime": "2014-06-08T20:43:22.684Z"
  }
},
{
  "pk": 82, 
  "model": "core.requeststatus", 
  "fields": {
    "status": 8, 
    "request": 23, 
    "comments": "", 
    "datetime": "2014-06-08T20:45:01.262Z"
  }
},
{
  "pk": 83, 
  "model": "core.requeststatus", 
  "fields": {
    "status": 6, 
    "request": 23, 
    "comments": "comments about rejection", 
    "datetime": "2014-06-08T20:45:40.954Z"
  }
},
{
  "pk": 84, 
  "model": "core.requeststatus", 
  "fields": {
    "status": 8, 
    "request": 23, 
    "comments": "", 
    "datetime": "2014-06-08T20:46:58.796Z"
  }
},
{
  "pk": 85, 
  "model": "core.requeststatus", 
  "fields": {
    "status": 6, 
    "request": 23, 
    "comments": "More comments about rejection", 
    "datetime": "2014-06-08T20:47:50.044Z"
  }
},
{
  "pk": 86, 
  "model": "core.requeststatus", 
  "fields": {
    "status": 8, 
    "request": 23, 
    "comments": "returning to analyst", 
    "datetime": "2014-06-08T21:01:40.126Z"
  }
},
{
  "pk": 87, 
  "model": "core.requeststatus", 
  "fields": {
    "status": 7, 
    "request": 23, 
    "comments": "incomplete comments blah blah blah", 
    "datetime": "2014-06-08T21:15:13.551Z"
  }
},
{
  "pk": 88, 
  "model": "core.requeststatus", 
  "fields": {
    "status": 1, 
    "request": 23, 
    "comments": "", 
    "datetime": "2014-06-08T21:15:53.902Z"
  }
},
{
  "pk": 89, 
  "model": "core.requeststatus", 
  "fields": {
    "status": 2, 
    "request": 23, 
    "comments": "assigning to analyst1 because of their speciality", 
    "datetime": "2014-06-08T21:16:37.422Z"
  }
},
{
  "pk": 90, 
  "model": "core.requeststatus", 
  "fields": {
    "status": 3, 
    "request": 23, 
    "comments": "", 
    "datetime": "2014-06-08T21:17:18.030Z"
  }
},
{
  "pk": 91, 
  "model": "core.requeststatus", 
  "fields": {
    "status": 4, 
    "request": 23, 
    "comments": "submitted request", 
    "datetime": "2014-06-08T21:17:47.465Z"
  }
},
{
  "pk": 92, 
  "model": "core.requeststatus", 
  "fields": {
    "status": 5, 
    "request": 23, 
    "comments": "", 
    "datetime": "2014-06-08T21:19:44.413Z"
  }
},
{
  "pk": 93, 
  "model": "core.requeststatus", 
  "fields": {
    "status": 5, 
    "request": 17, 
    "comments": "", 
    "datetime": "2014-06-08T21:27:09.107Z"
  }
},
{
  "pk": 94, 
  "model": "core.requeststatus", 
  "fields": {
    "status": 5, 
    "request": 20, 
    "comments": "", 
    "datetime": "2014-06-08T21:28:43.842Z"
  }
},
{
  "pk": 95, 
  "model": "core.requeststatus", 
  "fields": {
    "status": 5, 
    "request": 21, 
    "comments": "submitting to company, target. found issues for employee", 
    "datetime": "2014-06-08T21:29:40.198Z"
  }
},
{
  "pk": 96, 
  "model": "core.requeststatus", 
  "fields": {
    "status": 1, 
    "request": 25, 
    "comments": "", 
    "datetime": "2014-06-09T14:14:24.475Z"
  }
},
{
  "pk": 97, 
  "model": "core.requeststatus", 
  "fields": {
    "status": 1, 
    "request": 26, 
    "comments": "", 
    "datetime": "2014-06-09T20:20:01.340Z"
  }
},
{
  "pk": 98, 
  "model": "core.requeststatus", 
  "fields": {
    "status": 7, 
    "request": 26, 
    "comments": "wrong social security number", 
    "datetime": "2014-06-09T20:37:29.243Z"
  }
},
{
  "pk": 99, 
  "model": "core.requeststatus", 
  "fields": {
    "status": 1, 
    "request": 26, 
    "comments": "", 
    "datetime": "2014-06-09T20:39:26.969Z"
  }
},
{
  "pk": 100, 
  "model": "core.requeststatus", 
  "fields": {
    "status": 2, 
    "request": 26, 
    "comments": "comments about sean george", 
    "datetime": "2014-06-09T20:40:33.570Z"
  }
},
{
  "pk": 101, 
  "model": "core.requeststatus", 
  "fields": {
    "status": 3, 
    "request": 26, 
    "comments": "", 
    "datetime": "2014-06-09T20:42:11.776Z"
  }
},
{
  "pk": 102, 
  "model": "core.requeststatus", 
  "fields": {
    "status": 4, 
    "request": 26, 
    "comments": "", 
    "datetime": "2014-06-09T20:42:49.378Z"
  }
},
{
  "pk": 103, 
  "model": "core.requeststatus", 
  "fields": {
    "status": 5, 
    "request": 26, 
    "comments": "background check complete", 
    "datetime": "2014-06-09T20:44:14.486Z"
  }
},
{
  "pk": 104, 
  "model": "core.requeststatus", 
  "fields": {
    "status": 1, 
    "request": 27, 
    "comments": "", 
    "datetime": "2014-06-10T15:32:01.035Z"
  }
},
{
  "pk": 105, 
  "model": "core.requeststatus", 
  "fields": {
    "status": 7, 
    "request": 27, 
    "comments": "wrong address", 
    "datetime": "2014-06-10T15:32:39.335Z"
  }
},
{
  "pk": 106, 
  "model": "core.requeststatus", 
  "fields": {
    "status": 1, 
    "request": 27, 
    "comments": "", 
    "datetime": "2014-06-10T15:47:05.600Z"
  }
},
{
  "pk": 107, 
  "model": "core.requeststatus", 
  "fields": {
    "status": 7, 
    "request": 27, 
    "comments": "wrong state", 
    "datetime": "2014-06-10T15:48:02.818Z"
  }
},
{
  "pk": 108, 
  "model": "core.requeststatus", 
  "fields": {
    "status": 1, 
    "request": 27, 
    "comments": "", 
    "datetime": "2014-06-10T15:54:05.953Z"
  }
},
{
  "pk": 109, 
  "model": "core.requeststatus", 
  "fields": {
    "status": 7, 
    "request": 27, 
    "comments": "wrong phone number", 
    "datetime": "2014-06-10T15:54:48.680Z"
  }
},
{
  "pk": 110, 
  "model": "core.requeststatus", 
  "fields": {
    "status": 2, 
    "request": 25, 
    "comments": "pay attention to DMV record", 
    "datetime": "2014-06-10T16:17:39.722Z"
  }
},
{
  "pk": 111, 
  "model": "core.requeststatus", 
  "fields": {
    "status": 2, 
    "request": 25, 
    "comments": "pay attention to DMV record", 
    "datetime": "2014-06-10T16:17:40.156Z"
  }
},
{
  "pk": 112, 
  "model": "core.requeststatus", 
  "fields": {
    "status": 3, 
    "request": 25, 
    "comments": "", 
    "datetime": "2014-06-10T16:18:46.681Z"
  }
},
{
  "pk": 113, 
  "model": "core.requeststatus", 
  "fields": {
    "status": 4, 
    "request": 25, 
    "comments": "", 
    "datetime": "2014-06-10T16:23:53.098Z"
  }
},
{
  "pk": 114, 
  "model": "core.requeststatus", 
  "fields": {
    "status": 1, 
    "request": 27, 
    "comments": "", 
    "datetime": "2014-06-10T16:40:17.818Z"
  }
},
{
  "pk": 115, 
  "model": "core.requeststatus", 
  "fields": {
    "status": 2, 
    "request": 27, 
    "comments": "pay attention to state criminal record", 
    "datetime": "2014-06-10T16:41:19.746Z"
  }
},
{
  "pk": 116, 
  "model": "core.requeststatus", 
  "fields": {
    "status": 3, 
    "request": 27, 
    "comments": "", 
    "datetime": "2014-06-10T16:41:54.802Z"
  }
},
{
  "pk": 117, 
  "model": "core.requeststatus", 
  "fields": {
    "status": 6, 
    "request": 27, 
    "comments": "need more info on state criminal history", 
    "datetime": "2014-06-10T16:42:41.738Z"
  }
},
{
  "pk": 118, 
  "model": "core.requeststatus", 
  "fields": {
    "status": 7, 
    "request": 27, 
    "comments": "need full middle name for criminal history. please edit the request and re-submit", 
    "datetime": "2014-06-10T16:43:24.427Z"
  }
},
{
  "pk": 119, 
  "model": "core.requeststatus", 
  "fields": {
    "status": 1, 
    "request": 27, 
    "comments": "", 
    "datetime": "2014-06-10T16:44:07.818Z"
  }
},
{
  "pk": 120, 
  "model": "core.requeststatus", 
  "fields": {
    "status": 2, 
    "request": 27, 
    "comments": "fixed due diligence type", 
    "datetime": "2014-06-10T16:47:58.809Z"
  }
},
{
  "pk": 121, 
  "model": "core.requeststatus", 
  "fields": {
    "status": 3, 
    "request": 27, 
    "comments": "", 
    "datetime": "2014-06-10T16:48:32.811Z"
  }
},
{
  "pk": 122, 
  "model": "core.requeststatus", 
  "fields": {
    "status": 7, 
    "request": 27, 
    "comments": "please change due diligence type", 
    "datetime": "2014-06-10T16:49:45.727Z"
  }
},
{
  "pk": 123, 
  "model": "core.requeststatus", 
  "fields": {
    "status": 1, 
    "request": 27, 
    "comments": "", 
    "datetime": "2014-06-10T16:50:21.326Z"
  }
},
{
  "pk": 124, 
  "model": "core.requeststatus", 
  "fields": {
    "status": 1, 
    "request": 27, 
    "comments": "", 
    "datetime": "2014-06-10T16:51:42.247Z"
  }
},
{
  "pk": 125, 
  "model": "core.requeststatus", 
  "fields": {
    "status": 1, 
    "request": 27, 
    "comments": "", 
    "datetime": "2014-06-10T16:52:15.696Z"
  }
},
{
  "pk": 126, 
  "model": "core.requeststatus", 
  "fields": {
    "status": 2, 
    "request": 27, 
    "comments": "assigning to analyst1", 
    "datetime": "2014-06-11T09:41:36.686Z"
  }
},
{
  "pk": 127, 
  "model": "core.requeststatus", 
  "fields": {
    "status": 3, 
    "request": 27, 
    "comments": "", 
    "datetime": "2014-06-11T09:42:14.015Z"
  }
},
{
  "pk": 128, 
  "model": "core.requeststatus", 
  "fields": {
    "status": 7, 
    "request": 27, 
    "comments": "in correct birthdate", 
    "datetime": "2014-06-11T09:43:59.428Z"
  }
},
{
  "pk": 129, 
  "model": "core.requeststatus", 
  "fields": {
    "status": 1, 
    "request": 27, 
    "comments": "", 
    "datetime": "2014-06-11T09:45:16.881Z"
  }
},
{
  "pk": 130, 
  "model": "core.requeststatus", 
  "fields": {
    "status": 1, 
    "request": 27, 
    "comments": "", 
    "datetime": "2014-06-11T09:45:41.656Z"
  }
},
{
  "pk": 131, 
  "model": "core.requeststatus", 
  "fields": {
    "status": 7, 
    "request": 27, 
    "comments": "change due diligence type", 
    "datetime": "2014-06-11T09:48:19.556Z"
  }
},
{
  "pk": 132, 
  "model": "core.requeststatus", 
  "fields": {
    "status": 1, 
    "request": 27, 
    "comments": "", 
    "datetime": "2014-06-11T09:50:35.558Z"
  }
},
{
  "pk": 133, 
  "model": "core.requeststatus", 
  "fields": {
    "status": 7, 
    "request": 27, 
    "comments": "back again", 
    "datetime": "2014-06-11T10:09:46.650Z"
  }
},
{
  "pk": 134, 
  "model": "core.requeststatus", 
  "fields": {
    "status": 1, 
    "request": 27, 
    "comments": "", 
    "datetime": "2014-06-11T10:10:53.434Z"
  }
},
{
  "pk": 135, 
  "model": "core.requeststatus", 
  "fields": {
    "status": 1, 
    "request": 27, 
    "comments": "", 
    "datetime": "2014-06-11T10:12:31.935Z"
  }
},
{
  "pk": 136, 
  "model": "core.requeststatus", 
  "fields": {
    "status": 1, 
    "request": 27, 
    "comments": "", 
    "datetime": "2014-06-11T10:13:26.604Z"
  }
},
{
  "pk": 137, 
  "model": "core.requeststatus", 
  "fields": {
    "status": 2, 
    "request": 27, 
    "comments": "no comments", 
    "datetime": "2014-06-11T10:14:11.789Z"
  }
},
{
  "pk": 138, 
  "model": "core.requeststatus", 
  "fields": {
    "status": 3, 
    "request": 27, 
    "comments": "", 
    "datetime": "2014-06-11T10:15:07.267Z"
  }
},
{
  "pk": 139, 
  "model": "core.requeststatus", 
  "fields": {
    "status": 7, 
    "request": 27, 
    "comments": "again", 
    "datetime": "2014-06-11T10:16:41.455Z"
  }
},
{
  "pk": 140, 
  "model": "core.requeststatus", 
  "fields": {
    "status": 1, 
    "request": 27, 
    "comments": "", 
    "datetime": "2014-06-11T10:17:23.141Z"
  }
},
{
  "pk": 5, 
  "model": "core.requestservicestatus", 
  "fields": {
    "datetime": "2014-06-03", 
    "request": 16, 
    "results": true, 
    "service": 18, 
    "comments": "test"
  }
},
{
  "pk": 6, 
  "model": "core.requestservicestatus", 
  "fields": {
    "datetime": "2014-06-03", 
    "request": 16, 
    "results": true, 
    "service": 19, 
    "comments": "test 2"
  }
},
{
  "pk": 7, 
  "model": "core.requestservicestatus", 
  "fields": {
    "datetime": "2014-06-04", 
    "request": 17, 
    "results": true, 
    "service": 18, 
    "comments": "test saving again"
  }
},
{
  "pk": 8, 
  "model": "core.requestservicestatus", 
  "fields": {
    "datetime": "2014-06-04", 
    "request": 17, 
    "results": false, 
    "service": 19, 
    "comments": ""
  }
},
{
  "pk": 9, 
  "model": "core.requestservicestatus", 
  "fields": {
    "datetime": "2014-06-03", 
    "request": 20, 
    "results": true, 
    "service": 18, 
    "comments": "found issues"
  }
},
{
  "pk": 10, 
  "model": "core.requestservicestatus", 
  "fields": {
    "datetime": "2014-06-03", 
    "request": 20, 
    "results": true, 
    "service": 19, 
    "comments": ""
  }
},
{
  "pk": 11, 
  "model": "core.requestservicestatus", 
  "fields": {
    "datetime": "2014-06-04", 
    "request": 21, 
    "results": true, 
    "service": 18, 
    "comments": "save test"
  }
},
{
  "pk": 12, 
  "model": "core.requestservicestatus", 
  "fields": {
    "datetime": "2014-06-04", 
    "request": 21, 
    "results": true, 
    "service": 19, 
    "comments": ""
  }
},
{
  "pk": 13, 
  "model": "core.requestservicestatus", 
  "fields": {
    "datetime": "2014-06-04", 
    "request": 22, 
    "results": false, 
    "service": 18, 
    "comments": ""
  }
},
{
  "pk": 14, 
  "model": "core.requestservicestatus", 
  "fields": {
    "datetime": "2014-06-04", 
    "request": 22, 
    "results": false, 
    "service": 19, 
    "comments": ""
  }
},
{
  "pk": 15, 
  "model": "core.requestservicestatus", 
  "fields": {
    "datetime": "2014-06-08", 
    "request": 23, 
    "results": true, 
    "service": 18, 
    "comments": "found some issues here"
  }
},
{
  "pk": 16, 
  "model": "core.requestservicestatus", 
  "fields": {
    "datetime": "2014-06-08", 
    "request": 23, 
    "results": false, 
    "service": 19, 
    "comments": ""
  }
},
{
  "pk": 17, 
  "model": "core.requestservicestatus", 
  "fields": {
    "datetime": "2014-06-08", 
    "request": 23, 
    "results": true, 
    "service": 54, 
    "comments": "Found a few more things here"
  }
},
{
  "pk": 18, 
  "model": "core.requestservicestatus", 
  "fields": {
    "datetime": "2014-06-08", 
    "request": 23, 
    "results": false, 
    "service": 53, 
    "comments": ""
  }
},
{
  "pk": 19, 
  "model": "core.requestservicestatus", 
  "fields": {
    "datetime": "2014-06-10", 
    "request": 25, 
    "results": true, 
    "service": 25, 
    "comments": "found news article about being arrested in college"
  }
},
{
  "pk": 20, 
  "model": "core.requestservicestatus", 
  "fields": {
    "datetime": "2014-06-10", 
    "request": 25, 
    "results": true, 
    "service": 24, 
    "comments": "multiple addresses for the same period of time"
  }
},
{
  "pk": 21, 
  "model": "core.requestservicestatus", 
  "fields": {
    "datetime": "2014-06-10", 
    "request": 25, 
    "results": false, 
    "service": 55, 
    "comments": ""
  }
},
{
  "pk": 22, 
  "model": "core.requestservicestatus", 
  "fields": {
    "datetime": "2014-06-10", 
    "request": 25, 
    "results": false, 
    "service": 27, 
    "comments": ""
  }
},
{
  "pk": 23, 
  "model": "core.requestservicestatus", 
  "fields": {
    "datetime": "2014-06-10", 
    "request": 25, 
    "results": false, 
    "service": 26, 
    "comments": ""
  }
},
{
  "pk": 24, 
  "model": "core.requestservicestatus", 
  "fields": {
    "datetime": "2014-06-10", 
    "request": 25, 
    "results": false, 
    "service": 56, 
    "comments": ""
  }
},
{
  "pk": 33, 
  "model": "core.requestservicestatus", 
  "fields": {
    "datetime": "2014-06-11", 
    "request": 27, 
    "results": true, 
    "service": 57, 
    "comments": "no address found"
  }
},
{
  "pk": 37, 
  "model": "core.requestservicestatus", 
  "fields": {
    "datetime": "2014-06-11", 
    "request": 27, 
    "results": true, 
    "service": 60, 
    "comments": "no address found"
  }
},
{
  "pk": 3, 
  "model": "core.company", 
  "fields": {
    "name": "Target"
  }
},
{
  "pk": 4, 
  "model": "core.company", 
  "fields": {
    "name": "Walmart"
  }
},
{
  "pk": 5, 
  "model": "core.company", 
  "fields": {
    "name": "Lawfirm"
  }
},
{
  "pk": 6, 
  "model": "core.company", 
  "fields": {
    "name": "Excella"
  }
},
{
  "pk": 15, 
  "model": "core.companyemployee", 
  "fields": {
    "phone_number": "12345677", 
    "position": "HR", 
    "company": 3, 
    "is_activated": true, 
    "user": 22
  }
},
{
  "pk": 16, 
  "model": "core.companyemployee", 
  "fields": {
    "phone_number": "12345678", 
    "position": "HR", 
    "company": 3, 
    "is_activated": false, 
    "user": 23
  }
},
{
  "pk": 17, 
  "model": "core.companyemployee", 
  "fields": {
    "phone_number": "123445677", 
    "position": "HR", 
    "company": 4, 
    "is_activated": false, 
    "user": 24
  }
},
{
  "pk": 18, 
  "model": "core.companyemployee", 
  "fields": {
    "phone_number": "123456788", 
    "position": "HR", 
    "company": 5, 
    "is_activated": false, 
    "user": 25
  }
},
{
  "pk": 19, 
  "model": "core.companyemployee", 
  "fields": {
    "phone_number": "bal", 
    "position": "bla", 
    "company": 3, 
    "is_activated": false, 
    "user": 26
  }
},
{
  "pk": 20, 
  "model": "core.companyemployee", 
  "fields": {
    "phone_number": "123456788", 
    "position": "walmart hr", 
    "company": 4, 
    "is_activated": true, 
    "user": 27
  }
},
{
  "pk": 21, 
  "model": "core.companyemployee", 
  "fields": {
    "phone_number": "123456", 
    "position": "hr", 
    "company": 5, 
    "is_activated": false, 
    "user": 28
  }
},
{
  "pk": 22, 
  "model": "core.companyemployee", 
  "fields": {
    "phone_number": "123456", 
    "position": "hr", 
    "company": 5, 
    "is_activated": false, 
    "user": 29
  }
},
{
  "pk": 23, 
  "model": "core.companyemployee", 
  "fields": {
    "phone_number": "123456", 
    "position": "hr", 
    "company": 5, 
    "is_activated": false, 
    "user": 30
  }
},
{
  "pk": 24, 
  "model": "core.companyemployee", 
  "fields": {
    "phone_number": "12345667", 
    "position": "hr", 
    "company": 5, 
    "is_activated": false, 
    "user": 31
  }
},
{
  "pk": 25, 
  "model": "core.companyemployee", 
  "fields": {
    "phone_number": "12334556", 
    "position": "hr", 
    "company": 5, 
    "is_activated": false, 
    "user": 33
  }
},
{
  "pk": 26, 
  "model": "core.companyemployee", 
  "fields": {
    "phone_number": "test", 
    "position": "test", 
    "company": 5, 
    "is_activated": false, 
    "user": 34
  }
},
{
  "pk": 27, 
  "model": "core.companyemployee", 
  "fields": {
    "phone_number": "5555555555", 
    "position": "developer", 
    "company": 6, 
    "is_activated": true, 
    "user": 35
  }
},
{
  "pk": 2, 
  "model": "core.spotlitstaff", 
  "fields": {
    "phone_number": "123456788", 
    "is_activated": false, 
    "user": 3
  }
},
{
  "pk": 3, 
  "model": "core.spotlitstaff", 
  "fields": {
    "phone_number": "23345667788", 
    "is_activated": false, 
    "user": 4
  }
},
{
  "pk": 3, 
  "model": "core.duediligencetype", 
  "fields": {
    "name": "Human Resources"
  }
},
{
  "pk": 4, 
  "model": "core.duediligencetype", 
  "fields": {
    "name": "Investigative"
  }
},
{
  "pk": 5, 
  "model": "core.duediligencetype", 
  "fields": {
    "name": "Regulatory Compliance"
  }
},
{
  "pk": 6, 
  "model": "core.duediligencetype", 
  "fields": {
    "name": "Business Investment"
  }
},
{
  "pk": 4, 
  "model": "core.service", 
  "fields": {
    "name": "Biographical Source Review", 
    "description": "Biographical Source Review\r\n"
  }
},
{
  "pk": 5, 
  "model": "core.service", 
  "fields": {
    "name": "Business References", 
    "description": "Business References\r\n"
  }
},
{
  "pk": 6, 
  "model": "core.service", 
  "fields": {
    "name": "Drug Screening Service", 
    "description": "Drug Screening Service\r\n"
  }
},
{
  "pk": 7, 
  "model": "core.service", 
  "fields": {
    "name": "Embassy Reference", 
    "description": "Embassy Reference\r\n"
  }
},
{
  "pk": 8, 
  "model": "core.service", 
  "fields": {
    "name": "Enhanced Motor Vehicle Services", 
    "description": "Enhanced Motor Vehicle Services\r\n"
  }
},
{
  "pk": 9, 
  "model": "core.service", 
  "fields": {
    "name": "Federal & State Criminal Records", 
    "description": "Federal & State Criminal Records\r\n"
  }
},
{
  "pk": 10, 
  "model": "core.service", 
  "fields": {
    "name": "Federal Clearance Verification", 
    "description": "Federal Clearance Verification\r\n"
  }
},
{
  "pk": 11, 
  "model": "core.service", 
  "fields": {
    "name": "Global Media / Negative News Profile", 
    "description": "Global Media / Negative News Profile\r\n"
  }
},
{
  "pk": 12, 
  "model": "core.service", 
  "fields": {
    "name": "Global Sanctions & Watchlists", 
    "description": "Global Sanctions & Watchlists\r\n"
  }
},
{
  "pk": 13, 
  "model": "core.service", 
  "fields": {
    "name": "I-9 Verifications ", 
    "description": "I-9 Verifications \r\n"
  }
},
{
  "pk": 14, 
  "model": "core.service", 
  "fields": {
    "name": "Individual Stakeholder Review", 
    "description": "Individual Stakeholder Review\r\n"
  }
},
{
  "pk": 15, 
  "model": "core.service", 
  "fields": {
    "name": "International, Federal, and State Legal Source Review", 
    "description": "International, Federal, and State Legal Source Review\r\n"
  }
},
{
  "pk": 16, 
  "model": "core.service", 
  "fields": {
    "name": "Legal Source Reviews / Judiciary Case Search", 
    "description": "Legal Source Reviews / Judiciary Case Search\r\n"
  }
},
{
  "pk": 17, 
  "model": "core.service", 
  "fields": {
    "name": "Open Source & Public Records Search", 
    "description": "Open Source & Public Records Search\r\n"
  }
},
{
  "pk": 18, 
  "model": "core.service", 
  "fields": {
    "name": "Open Source Search", 
    "description": "Open Source Search\r\n"
  }
},
{
  "pk": 19, 
  "model": "core.service", 
  "fields": {
    "name": "Politically Exposed Persons (PEP) Screen", 
    "description": "Politically Exposed Persons (PEP) Screen\r\n"
  }
},
{
  "pk": 20, 
  "model": "core.service", 
  "fields": {
    "name": "Public Records Search", 
    "description": "Public Records Search\r\n"
  }
},
{
  "pk": 21, 
  "model": "core.service", 
  "fields": {
    "name": "Security Questionnaires", 
    "description": "Security Questionnaires\r\n"
  }
},
{
  "pk": 22, 
  "model": "core.service", 
  "fields": {
    "name": "Social Security Trace & Address Locator", 
    "description": "Social Security Trace & Address Locator\r\n"
  }
},
{
  "pk": 4, 
  "model": "core.duediligencetypeservices", 
  "fields": {
    "due_diligence_type": 3, 
    "service": 22
  }
},
{
  "pk": 5, 
  "model": "core.duediligencetypeservices", 
  "fields": {
    "due_diligence_type": 3, 
    "service": 9
  }
},
{
  "pk": 6, 
  "model": "core.duediligencetypeservices", 
  "fields": {
    "due_diligence_type": 3, 
    "service": 20
  }
},
{
  "pk": 7, 
  "model": "core.duediligencetypeservices", 
  "fields": {
    "due_diligence_type": 3, 
    "service": 11
  }
},
{
  "pk": 8, 
  "model": "core.duediligencetypeservices", 
  "fields": {
    "due_diligence_type": 3, 
    "service": 16
  }
},
{
  "pk": 9, 
  "model": "core.duediligencetypeservices", 
  "fields": {
    "due_diligence_type": 3, 
    "service": 18
  }
},
{
  "pk": 10, 
  "model": "core.duediligencetypeservices", 
  "fields": {
    "due_diligence_type": 3, 
    "service": 13
  }
},
{
  "pk": 11, 
  "model": "core.duediligencetypeservices", 
  "fields": {
    "due_diligence_type": 3, 
    "service": 6
  }
},
{
  "pk": 12, 
  "model": "core.duediligencetypeservices", 
  "fields": {
    "due_diligence_type": 3, 
    "service": 8
  }
},
{
  "pk": 13, 
  "model": "core.duediligencetypeservices", 
  "fields": {
    "due_diligence_type": 3, 
    "service": 10
  }
},
{
  "pk": 14, 
  "model": "core.duediligencetypeservices", 
  "fields": {
    "due_diligence_type": 4, 
    "service": 11
  }
},
{
  "pk": 15, 
  "model": "core.duediligencetypeservices", 
  "fields": {
    "due_diligence_type": 4, 
    "service": 14
  }
},
{
  "pk": 16, 
  "model": "core.duediligencetypeservices", 
  "fields": {
    "due_diligence_type": 4, 
    "service": 4
  }
},
{
  "pk": 17, 
  "model": "core.duediligencetypeservices", 
  "fields": {
    "due_diligence_type": 4, 
    "service": 12
  }
},
{
  "pk": 18, 
  "model": "core.duediligencetypeservices", 
  "fields": {
    "due_diligence_type": 4, 
    "service": 19
  }
},
{
  "pk": 19, 
  "model": "core.duediligencetypeservices", 
  "fields": {
    "due_diligence_type": 4, 
    "service": 15
  }
},
{
  "pk": 20, 
  "model": "core.duediligencetypeservices", 
  "fields": {
    "due_diligence_type": 4, 
    "service": 17
  }
},
{
  "pk": 21, 
  "model": "core.duediligencetypeservices", 
  "fields": {
    "due_diligence_type": 4, 
    "service": 7
  }
},
{
  "pk": 22, 
  "model": "core.duediligencetypeservices", 
  "fields": {
    "due_diligence_type": 4, 
    "service": 5
  }
},
{
  "pk": 23, 
  "model": "core.duediligencetypeservices", 
  "fields": {
    "due_diligence_type": 4, 
    "service": 21
  }
},
{
  "pk": 24, 
  "model": "core.duediligencetypeservices", 
  "fields": {
    "due_diligence_type": 5, 
    "service": 11
  }
},
{
  "pk": 25, 
  "model": "core.duediligencetypeservices", 
  "fields": {
    "due_diligence_type": 5, 
    "service": 14
  }
},
{
  "pk": 26, 
  "model": "core.duediligencetypeservices", 
  "fields": {
    "due_diligence_type": 5, 
    "service": 4
  }
},
{
  "pk": 27, 
  "model": "core.duediligencetypeservices", 
  "fields": {
    "due_diligence_type": 5, 
    "service": 12
  }
},
{
  "pk": 28, 
  "model": "core.duediligencetypeservices", 
  "fields": {
    "due_diligence_type": 5, 
    "service": 19
  }
},
{
  "pk": 29, 
  "model": "core.duediligencetypeservices", 
  "fields": {
    "due_diligence_type": 5, 
    "service": 15
  }
},
{
  "pk": 30, 
  "model": "core.duediligencetypeservices", 
  "fields": {
    "due_diligence_type": 5, 
    "service": 17
  }
},
{
  "pk": 31, 
  "model": "core.duediligencetypeservices", 
  "fields": {
    "due_diligence_type": 5, 
    "service": 7
  }
},
{
  "pk": 32, 
  "model": "core.duediligencetypeservices", 
  "fields": {
    "due_diligence_type": 5, 
    "service": 5
  }
},
{
  "pk": 33, 
  "model": "core.duediligencetypeservices", 
  "fields": {
    "due_diligence_type": 5, 
    "service": 21
  }
},
{
  "pk": 34, 
  "model": "core.duediligencetypeservices", 
  "fields": {
    "due_diligence_type": 6, 
    "service": 11
  }
},
{
  "pk": 35, 
  "model": "core.duediligencetypeservices", 
  "fields": {
    "due_diligence_type": 6, 
    "service": 14
  }
},
{
  "pk": 36, 
  "model": "core.duediligencetypeservices", 
  "fields": {
    "due_diligence_type": 6, 
    "service": 4
  }
},
{
  "pk": 37, 
  "model": "core.duediligencetypeservices", 
  "fields": {
    "due_diligence_type": 6, 
    "service": 12
  }
},
{
  "pk": 38, 
  "model": "core.duediligencetypeservices", 
  "fields": {
    "due_diligence_type": 6, 
    "service": 19
  }
},
{
  "pk": 39, 
  "model": "core.duediligencetypeservices", 
  "fields": {
    "due_diligence_type": 6, 
    "service": 15
  }
},
{
  "pk": 40, 
  "model": "core.duediligencetypeservices", 
  "fields": {
    "due_diligence_type": 6, 
    "service": 17
  }
},
{
  "pk": 41, 
  "model": "core.duediligencetypeservices", 
  "fields": {
    "due_diligence_type": 6, 
    "service": 7
  }
},
{
  "pk": 42, 
  "model": "core.duediligencetypeservices", 
  "fields": {
    "due_diligence_type": 6, 
    "service": 5
  }
},
{
  "pk": 43, 
  "model": "core.duediligencetypeservices", 
  "fields": {
    "due_diligence_type": 6, 
    "service": 21
  }
},
{
  "pk": 4, 
  "model": "core.companyduediligencetypeselection", 
  "fields": {
    "company": 3, 
    "level": 1, 
    "due_diligence_type": 4, 
    "comments": "basic", 
    "name": "Target Investigative Basic"
  }
},
{
  "pk": 5, 
  "model": "core.companyduediligencetypeselection", 
  "fields": {
    "company": 4, 
    "level": 2, 
    "due_diligence_type": 3, 
    "comments": "TEST!", 
    "name": "Walmart Human Resrouces Standard"
  }
},
{
  "pk": 6, 
  "model": "core.companyduediligencetypeselection", 
  "fields": {
    "company": 5, 
    "level": 1, 
    "due_diligence_type": 4, 
    "comments": "basic", 
    "name": "Lawfirm Investigative"
  }
},
{
  "pk": 7, 
  "model": "core.companyduediligencetypeselection", 
  "fields": {
    "company": 5, 
    "level": 1, 
    "due_diligence_type": 3, 
    "comments": "basic", 
    "name": "Lawfirm Human Resources Basic"
  }
},
{
  "pk": 8, 
  "model": "core.companyduediligencetypeselection", 
  "fields": {
    "company": 5, 
    "level": 3, 
    "due_diligence_type": 6, 
    "comments": "in depth", 
    "name": "Lawfirm Business Investment In Depth"
  }
},
{
  "pk": 9, 
  "model": "core.companyduediligencetypeselection", 
  "fields": {
    "company": 5, 
    "level": 1, 
    "due_diligence_type": 5, 
    "comments": "Basic", 
    "name": "Lawfirm Regulatory Compliance Basic"
  }
},
{
  "pk": 13, 
  "model": "core.companyduediligencetypeselection", 
  "fields": {
    "company": 3, 
    "level": 1, 
    "due_diligence_type": 3, 
    "comments": "Test edit", 
    "name": "Test"
  }
},
{
  "pk": 14, 
  "model": "core.companyduediligencetypeselection", 
  "fields": {
    "company": 4, 
    "level": 2, 
    "due_diligence_type": 3, 
    "comments": "", 
    "name": ""
  }
},
{
  "pk": 15, 
  "model": "core.companyduediligencetypeselection", 
  "fields": {
    "company": 6, 
    "level": 1, 
    "due_diligence_type": 3, 
    "comments": " ", 
    "name": " "
  }
},
{
  "pk": 16, 
  "model": "core.companyduediligencetypeselection", 
  "fields": {
    "company": 6, 
    "level": 2, 
    "due_diligence_type": 3, 
    "comments": "", 
    "name": "Excella Human Resources Test2"
  }
},
{
  "pk": 8, 
  "model": "core.companyserviceselection", 
  "fields": {
    "dd_type": 5, 
    "service": 11
  }
},
{
  "pk": 9, 
  "model": "core.companyserviceselection", 
  "fields": {
    "dd_type": 5, 
    "service": 13
  }
},
{
  "pk": 10, 
  "model": "core.companyserviceselection", 
  "fields": {
    "dd_type": 6, 
    "service": 7
  }
},
{
  "pk": 11, 
  "model": "core.companyserviceselection", 
  "fields": {
    "dd_type": 6, 
    "service": 21
  }
},
{
  "pk": 12, 
  "model": "core.companyserviceselection", 
  "fields": {
    "dd_type": 7, 
    "service": 11
  }
},
{
  "pk": 13, 
  "model": "core.companyserviceselection", 
  "fields": {
    "dd_type": 7, 
    "service": 13
  }
},
{
  "pk": 14, 
  "model": "core.companyserviceselection", 
  "fields": {
    "dd_type": 8, 
    "service": 21
  }
},
{
  "pk": 15, 
  "model": "core.companyserviceselection", 
  "fields": {
    "dd_type": 8, 
    "service": 4
  }
},
{
  "pk": 16, 
  "model": "core.companyserviceselection", 
  "fields": {
    "dd_type": 9, 
    "service": 21
  }
},
{
  "pk": 17, 
  "model": "core.companyserviceselection", 
  "fields": {
    "dd_type": 9, 
    "service": 19
  }
},
{
  "pk": 18, 
  "model": "core.companyserviceselection", 
  "fields": {
    "dd_type": 4, 
    "service": 11
  }
},
{
  "pk": 19, 
  "model": "core.companyserviceselection", 
  "fields": {
    "dd_type": 4, 
    "service": 17
  }
},
{
  "pk": 24, 
  "model": "core.companyserviceselection", 
  "fields": {
    "dd_type": 13, 
    "service": 22
  }
},
{
  "pk": 25, 
  "model": "core.companyserviceselection", 
  "fields": {
    "dd_type": 13, 
    "service": 11
  }
},
{
  "pk": 26, 
  "model": "core.companyserviceselection", 
  "fields": {
    "dd_type": 13, 
    "service": 16
  }
},
{
  "pk": 27, 
  "model": "core.companyserviceselection", 
  "fields": {
    "dd_type": 13, 
    "service": 8
  }
},
{
  "pk": 50, 
  "model": "core.companyserviceselection", 
  "fields": {
    "dd_type": 5, 
    "service": 10
  }
},
{
  "pk": 52, 
  "model": "core.companyserviceselection", 
  "fields": {
    "dd_type": 14, 
    "service": 9
  }
},
{
  "pk": 53, 
  "model": "core.companyserviceselection", 
  "fields": {
    "dd_type": 4, 
    "service": 13
  }
},
{
  "pk": 54, 
  "model": "core.companyserviceselection", 
  "fields": {
    "dd_type": 4, 
    "service": 9
  }
},
{
  "pk": 55, 
  "model": "core.companyserviceselection", 
  "fields": {
    "dd_type": 13, 
    "service": 13
  }
},
{
  "pk": 56, 
  "model": "core.companyserviceselection", 
  "fields": {
    "dd_type": 13, 
    "service": 9
  }
},
{
  "pk": 57, 
  "model": "core.companyserviceselection", 
  "fields": {
    "dd_type": 15, 
    "service": 22
  }
},
{
  "pk": 58, 
  "model": "core.companyserviceselection", 
  "fields": {
    "dd_type": 15, 
    "service": 9
  }
},
{
  "pk": 59, 
  "model": "core.companyserviceselection", 
  "fields": {
    "dd_type": 15, 
    "service": 20
  }
},
{
  "pk": 60, 
  "model": "core.companyserviceselection", 
  "fields": {
    "dd_type": 16, 
    "service": 22
  }
},
{
  "pk": 61, 
  "model": "core.companyserviceselection", 
  "fields": {
    "dd_type": 16, 
    "service": 6
  }
},
{
  "pk": 62, 
  "model": "core.companyserviceselection", 
  "fields": {
    "dd_type": 16, 
    "service": 8
  }
},
{
  "pk": 63, 
  "model": "core.companyserviceselection", 
  "fields": {
    "dd_type": 16, 
    "service": 10
  }
},
{
  "pk": 1, 
  "model": "core.address", 
  "fields": {
    "city": "", 
    "street2": "", 
    "street": "", 
    "state": "NY", 
    "zipcode": ""
  }
},
{
  "pk": 2, 
  "model": "core.address", 
  "fields": {
    "city": "", 
    "street2": "Apt 4", 
    "street": "124 Main St", 
    "state": "AL", 
    "zipcode": "23901"
  }
},
{
  "pk": 3, 
  "model": "core.address", 
  "fields": {
    "city": "", 
    "street2": "", 
    "street": "", 
    "state": "AL", 
    "zipcode": ""
  }
},
{
  "pk": 4, 
  "model": "core.address", 
  "fields": {
    "city": "", 
    "street2": "", 
    "street": "", 
    "state": "AL", 
    "zipcode": ""
  }
},
{
  "pk": 5, 
  "model": "core.address", 
  "fields": {
    "city": "Alexandria", 
    "street2": "Apt 5", 
    "street": "1234 Main st", 
    "state": "VA", 
    "zipcode": "22205"
  }
},
{
  "pk": 6, 
  "model": "core.address", 
  "fields": {
    "city": "Falls Church", 
    "street2": "Apt 10", 
    "street": "456 Main St", 
    "state": "VA", 
    "zipcode": "22042"
  }
},
{
  "pk": 7, 
  "model": "core.address", 
  "fields": {
    "city": "", 
    "street2": "", 
    "street": "", 
    "state": "AL", 
    "zipcode": ""
  }
},
{
  "pk": 8, 
  "model": "core.address", 
  "fields": {
    "city": "", 
    "street2": "", 
    "street": "", 
    "state": "AL", 
    "zipcode": ""
  }
},
{
  "pk": 9, 
  "model": "core.address", 
  "fields": {
    "city": "F", 
    "street2": "Apt 10", 
    "street": "1234 Main st", 
    "state": "AL", 
    "zipcode": "22042"
  }
},
{
  "pk": 10, 
  "model": "core.address", 
  "fields": {
    "city": "Falls Church", 
    "street2": "Apt 10", 
    "street": "1234 Main st", 
    "state": "AL", 
    "zipcode": "22042"
  }
},
{
  "pk": 11, 
  "model": "core.address", 
  "fields": {
    "city": "Falls Church", 
    "street2": "Apt 10", 
    "street": "1234 Main st", 
    "state": "AL", 
    "zipcode": "22042"
  }
},
{
  "pk": 12, 
  "model": "core.address", 
  "fields": {
    "city": "Falls Church", 
    "street2": "Apt 10", 
    "street": "1234 Main st", 
    "state": "VA", 
    "zipcode": "22042"
  }
},
{
  "pk": 13, 
  "model": "core.address", 
  "fields": {
    "city": "Falls Church", 
    "street2": "Apt 10", 
    "street": "1234 Main st", 
    "state": "VA", 
    "zipcode": "22042"
  }
},
{
  "pk": 14, 
  "model": "core.address", 
  "fields": {
    "city": "Falls Church", 
    "street2": "Apt 10", 
    "street": "1234 Main st", 
    "state": "VA", 
    "zipcode": "22042"
  }
},
{
  "pk": 15, 
  "model": "core.address", 
  "fields": {
    "city": "Falls Church", 
    "street2": "Apt 10", 
    "street": "1234 Main st", 
    "state": "VA", 
    "zipcode": "22042"
  }
},
{
  "pk": 16, 
  "model": "core.address", 
  "fields": {
    "city": "Falls Church", 
    "street2": "Apt 10", 
    "street": "1234 Main st", 
    "state": "VA", 
    "zipcode": "22042"
  }
},
{
  "pk": 17, 
  "model": "core.address", 
  "fields": {
    "city": "Falls Church", 
    "street2": "Apt 10", 
    "street": "1234 Main st", 
    "state": "VA", 
    "zipcode": "22042"
  }
},
{
  "pk": 18, 
  "model": "core.address", 
  "fields": {
    "city": "Falls Church", 
    "street2": "Apt 10", 
    "street": "1234 Main st", 
    "state": "VA", 
    "zipcode": "22042"
  }
},
{
  "pk": 19, 
  "model": "core.address", 
  "fields": {
    "city": "Falls Church", 
    "street2": "Apt 10", 
    "street": "1234 Main st", 
    "state": "VA", 
    "zipcode": "22042"
  }
},
{
  "pk": 20, 
  "model": "core.address", 
  "fields": {
    "city": "Falls Church", 
    "street2": "Apt 10", 
    "street": "1234 Main st", 
    "state": "VA", 
    "zipcode": "22042"
  }
},
{
  "pk": 21, 
  "model": "core.address", 
  "fields": {
    "city": "Falls Church", 
    "street2": "Apt 10", 
    "street": "1234 Main st", 
    "state": "VA", 
    "zipcode": "22042"
  }
},
{
  "pk": 22, 
  "model": "core.address", 
  "fields": {
    "city": "Falls Church", 
    "street2": "Apt 10", 
    "street": "1234 Main st", 
    "state": "VA", 
    "zipcode": "22042"
  }
},
{
  "pk": 23, 
  "model": "core.address", 
  "fields": {
    "city": "Falls Church", 
    "street2": "Apt 10", 
    "street": "1234 Main st", 
    "state": "VA", 
    "zipcode": "22042"
  }
},
{
  "pk": 24, 
  "model": "core.address", 
  "fields": {
    "city": "Falls Church", 
    "street2": "Apt 10", 
    "street": "1234 Main st", 
    "state": "VA", 
    "zipcode": "22042"
  }
},
{
  "pk": 25, 
  "model": "core.address", 
  "fields": {
    "city": "Falls Church", 
    "street2": "Apt 10", 
    "street": "1234 Main st", 
    "state": "VA", 
    "zipcode": "22042"
  }
},
{
  "pk": 26, 
  "model": "core.address", 
  "fields": {
    "city": "Falls Church", 
    "street2": "Apt 10", 
    "street": "1234 Main st", 
    "state": "VA", 
    "zipcode": "22042"
  }
},
{
  "pk": 27, 
  "model": "core.address", 
  "fields": {
    "city": "Falls Church", 
    "street2": "Apt 10", 
    "street": "1234 Main st", 
    "state": "VA", 
    "zipcode": "22042"
  }
},
{
  "pk": 28, 
  "model": "core.address", 
  "fields": {
    "city": "Falls Church", 
    "street2": "Apt 10", 
    "street": "1234 Main st", 
    "state": "VA", 
    "zipcode": "22042"
  }
},
{
  "pk": 29, 
  "model": "core.address", 
  "fields": {
    "city": "Falls Church", 
    "street2": "Apt 10", 
    "street": "1234 Main st", 
    "state": "VA", 
    "zipcode": "22042"
  }
},
{
  "pk": 30, 
  "model": "core.address", 
  "fields": {
    "city": "Falls Church", 
    "street2": "Apt 10", 
    "street": "1234 Main st", 
    "state": "VA", 
    "zipcode": "22042"
  }
},
{
  "pk": 31, 
  "model": "core.address", 
  "fields": {
    "city": "Falls Church", 
    "street2": "Apt 10", 
    "street": "1234 Main st", 
    "state": "VA", 
    "zipcode": "22042"
  }
},
{
  "pk": 32, 
  "model": "core.address", 
  "fields": {
    "city": "Falls Church", 
    "street2": "Apt 10", 
    "street": "1234 Main st", 
    "state": "VA", 
    "zipcode": "22042"
  }
},
{
  "pk": 33, 
  "model": "core.address", 
  "fields": {
    "city": "Falls Church", 
    "street2": "Apt 10", 
    "street": "1234 Main st", 
    "state": "VA", 
    "zipcode": "22042"
  }
},
{
  "pk": 34, 
  "model": "core.address", 
  "fields": {
    "city": "Falls Church", 
    "street2": "Apt 10", 
    "street": "1234 Main st", 
    "state": "VA", 
    "zipcode": "22042"
  }
},
{
  "pk": 16, 
  "model": "core.request", 
  "fields": {
    "phone_number": "l;askf", 
    "first_name": "Bobby", 
    "last_name": "Washington", 
    "middle_name": "T", 
    "citizenship": "US", 
    "assignment": 3, 
    "birthdate": "2014-04-28", 
    "request_type": 4, 
    "ssn": "345-90-1234", 
    "created_by": 15, 
    "address": null, 
    "email": "bob@gmail.cm", 
    "comments": "Bobby used to work for the state police"
  }
},
{
  "pk": 17, 
  "model": "core.request", 
  "fields": {
    "phone_number": "", 
    "first_name": "Bob", 
    "last_name": "Smith", 
    "middle_name": "Smith", 
    "citizenship": "UG", 
    "assignment": 3, 
    "birthdate": "2014-05-14", 
    "request_type": 4, 
    "ssn": "", 
    "created_by": 15, 
    "address": null, 
    "email": "bob@test.com", 
    "comments": ""
  }
},
{
  "pk": 20, 
  "model": "core.request", 
  "fields": {
    "phone_number": "123456788", 
    "first_name": "Peggy", 
    "last_name": " Adams", 
    "middle_name": "Lee", 
    "citizenship": "UG", 
    "assignment": 3, 
    "birthdate": "1941-06-25", 
    "request_type": 4, 
    "ssn": "234567890", 
    "created_by": 15, 
    "address": null, 
    "email": "peggy@target.com", 
    "comments": "Peggy is from Uganda"
  }
},
{
  "pk": 21, 
  "model": "core.request", 
  "fields": {
    "phone_number": "", 
    "first_name": "Nate", 
    "last_name": "Young", 
    "middle_name": "G", 
    "citizenship": "GB", 
    "assignment": 3, 
    "birthdate": "1956-03-17", 
    "request_type": 4, 
    "ssn": "", 
    "created_by": 15, 
    "address": null, 
    "email": "nate@target.com", 
    "comments": "Nate has been married three times"
  }
},
{
  "pk": 22, 
  "model": "core.request", 
  "fields": {
    "phone_number": "", 
    "first_name": "Brian", 
    "last_name": "Parsons", 
    "middle_name": "H", 
    "citizenship": "MX", 
    "assignment": 3, 
    "birthdate": "1975-06-14", 
    "request_type": 4, 
    "ssn": "", 
    "created_by": 15, 
    "address": null, 
    "email": "brian@gmail.com", 
    "comments": "Brian is an important hire. Please be thorough"
  }
},
{
  "pk": 23, 
  "model": "core.request", 
  "fields": {
    "phone_number": "", 
    "first_name": "Mary", 
    "last_name": "Jane", 
    "middle_name": "Beth", 
    "citizenship": "US", 
    "assignment": 3, 
    "birthdate": "2014-06-05", 
    "request_type": 4, 
    "ssn": "123-45-6789", 
    "created_by": 15, 
    "address": 4, 
    "email": "mary", 
    "comments": ""
  }
},
{
  "pk": 24, 
  "model": "core.request", 
  "fields": {
    "phone_number": "", 
    "first_name": "Mary", 
    "last_name": "Bates", 
    "middle_name": "Jane", 
    "citizenship": "UG", 
    "assignment": 3, 
    "birthdate": "2014-06-05", 
    "request_type": 4, 
    "ssn": "", 
    "created_by": 15, 
    "address": 2, 
    "email": "mary@company.com", 
    "comments": "Comments about Mary"
  }
},
{
  "pk": 25, 
  "model": "core.request", 
  "fields": {
    "phone_number": "", 
    "first_name": "James", 
    "last_name": "Smith", 
    "middle_name": "T", 
    "citizenship": "US", 
    "assignment": 3, 
    "birthdate": "1997-06-03", 
    "request_type": 13, 
    "ssn": "345-78-9034", 
    "created_by": 15, 
    "address": 5, 
    "email": "james@gmail.com", 
    "comments": "Comments about James"
  }
},
{
  "pk": 26, 
  "model": "core.request", 
  "fields": {
    "phone_number": "", 
    "first_name": "Sean", 
    "last_name": "George", 
    "middle_name": "Michael", 
    "citizenship": "US", 
    "assignment": 3, 
    "birthdate": "1971-08-24", 
    "request_type": 15, 
    "ssn": "345-78-9035", 
    "created_by": 27, 
    "address": 8, 
    "email": "sean@excella.com", 
    "comments": "General comments about sean george"
  }
},
{
  "pk": 27, 
  "model": "core.request", 
  "fields": {
    "phone_number": "234-469-0009", 
    "first_name": "Pete", 
    "last_name": "Duke", 
    "middle_name": "T", 
    "citizenship": "US", 
    "assignment": 3, 
    "birthdate": "1987-06-18", 
    "request_type": 15, 
    "ssn": "234-56-7890", 
    "created_by": 27, 
    "address": 34, 
    "email": "peter@gmail.com", 
    "comments": "comments about pete"
  }
}
]
