[
{
  "pk": 11, 
  "model": "core.request", 
  "fields": {
    "phone_number": "12345", 
    "first_name": "Peter", 
    "last_name": "Kerry", 
    "middle_name": "J", 
    "assignment": 3, 
    "birthdate": "1967-02-05", 
    "request_type": 3, 
    "ssn": "123445678", 
    "created_by": 15, 
    "email": "peter@gmail.com"
  }
},
{
  "pk": 12, 
  "model": "core.request", 
  "fields": {
    "phone_number": "", 
    "first_name": "Tom", 
    "last_name": "Jones", 
    "middle_name": "E", 
    "assignment": 3, 
    "birthdate": "1976-04-15", 
    "request_type": 3, 
    "ssn": "1234566", 
    "created_by": 15, 
    "email": "tom@gmail.com"
  }
},
{
  "pk": 13, 
  "model": "core.request", 
  "fields": {
    "phone_number": "", 
    "first_name": "Sally", 
    "last_name": "Peterson", 
    "middle_name": "J.", 
    "assignment": null, 
    "birthdate": "1985-03-21", 
    "request_type": 3, 
    "ssn": "1234566", 
    "created_by": 15, 
    "email": "sally@gmail.com"
  }
},
{
  "pk": 14, 
  "model": "core.request", 
  "fields": {
    "phone_number": "", 
    "first_name": "Will", 
    "last_name": "Phillips", 
    "middle_name": "Teddy", 
    "assignment": null, 
    "birthdate": "2005-09-05", 
    "request_type": 3, 
    "ssn": "111111111", 
    "created_by": 15, 
    "email": "will@gmail.com"
  }
},
{
  "pk": 13, 
  "model": "core.requeststatus", 
  "fields": {
    "status": 1, 
    "request": 11, 
    "datetime": "2014-05-28T01:31:28.947Z"
  }
},
{
  "pk": 14, 
  "model": "core.requeststatus", 
  "fields": {
    "status": 2, 
    "request": 11, 
    "datetime": "2014-05-28T01:32:10.231Z"
  }
},
{
  "pk": 16, 
  "model": "core.requeststatus", 
  "fields": {
    "status": 3, 
    "request": 11, 
    "datetime": "2014-05-28T01:33:05.231Z"
  }
},
{
  "pk": 17, 
  "model": "core.requeststatus", 
  "fields": {
    "status": 1, 
    "request": 12, 
    "datetime": "2014-05-28T01:43:47.614Z"
  }
},
{
  "pk": 18, 
  "model": "core.requeststatus", 
  "fields": {
    "status": 1, 
    "request": 13, 
    "datetime": "2014-05-28T01:44:23.438Z"
  }
},
{
  "pk": 19, 
  "model": "core.requeststatus", 
  "fields": {
    "status": 4, 
    "request": 13, 
    "datetime": "2014-05-28T01:45:06Z"
  }
},
{
  "pk": 20, 
  "model": "core.requeststatus", 
  "fields": {
    "status": 5, 
    "request": 13, 
    "datetime": "2014-05-28T01:46:58Z"
  }
},
{
  "pk": 21, 
  "model": "core.requeststatus", 
  "fields": {
    "status": 1, 
    "request": 14, 
    "datetime": "2014-05-28T01:49:10.325Z"
  }
},
{
  "pk": 22, 
  "model": "core.requeststatus", 
  "fields": {
    "status": 2, 
    "request": 12, 
    "datetime": "2014-05-28T01:49:27.840Z"
  }
},
{
  "pk": 3, 
  "model": "core.company", 
  "fields": {
    "name": "Target"
  }
},
{
  "pk": 4, 
  "model": "core.company", 
  "fields": {
    "name": "Walmart"
  }
},
{
  "pk": 5, 
  "model": "core.company", 
  "fields": {
    "name": "Lawfirm"
  }
},
{
  "pk": 15, 
  "model": "core.companyemployee", 
  "fields": {
    "phone_number": "12345677", 
    "position": "HR", 
    "company": 3, 
    "is_activated": true, 
    "user": [
      "target1@target.com"
    ]
  }
},
{
  "pk": 16, 
  "model": "core.companyemployee", 
  "fields": {
    "phone_number": "12345678", 
    "position": "HR", 
    "company": 3, 
    "is_activated": false, 
    "user": [
      "target2@target.com"
    ]
  }
},
{
  "pk": 17, 
  "model": "core.companyemployee", 
  "fields": {
    "phone_number": "123445677", 
    "position": "HR", 
    "company": 4, 
    "is_activated": false, 
    "user": [
      "walmart1@walmart.com"
    ]
  }
},
{
  "pk": 18, 
  "model": "core.companyemployee", 
  "fields": {
    "phone_number": "123456788", 
    "position": "HR", 
    "company": 5, 
    "is_activated": false, 
    "user": [
      "lawfirm1@lawfirm.com"
    ]
  }
},
{
  "pk": 2, 
  "model": "core.spotlitstaff", 
  "fields": {
    "phone_number": "123456788", 
    "is_activated": false, 
    "user": [
      "manager"
    ]
  }
},
{
  "pk": 3, 
  "model": "core.spotlitstaff", 
  "fields": {
    "phone_number": "23345667788", 
    "is_activated": false, 
    "user": [
      "analyst1"
    ]
  }
},
{
  "pk": 3, 
  "model": "core.duediligencetype", 
  "fields": {
    "name": "Human Resources"
  }
},
{
  "pk": 4, 
  "model": "core.duediligencetype", 
  "fields": {
    "name": "Investigative"
  }
},
{
  "pk": 5, 
  "model": "core.duediligencetype", 
  "fields": {
    "name": "Regulatory Compliance"
  }
},
{
  "pk": 6, 
  "model": "core.duediligencetype", 
  "fields": {
    "name": "Business Investment"
  }
},
{
  "pk": 4, 
  "model": "core.service", 
  "fields": {
    "name": "Biographical Source Review", 
    "description": "Biographical Source Review\r\n"
  }
},
{
  "pk": 5, 
  "model": "core.service", 
  "fields": {
    "name": "Business References", 
    "description": "Business References\r\n"
  }
},
{
  "pk": 6, 
  "model": "core.service", 
  "fields": {
    "name": "Drug Screening Service", 
    "description": "Drug Screening Service\r\n"
  }
},
{
  "pk": 7, 
  "model": "core.service", 
  "fields": {
    "name": "Embassy Reference", 
    "description": "Embassy Reference\r\n"
  }
},
{
  "pk": 8, 
  "model": "core.service", 
  "fields": {
    "name": "Enhanced Motor Vehicle Services", 
    "description": "Enhanced Motor Vehicle Services\r\n"
  }
},
{
  "pk": 9, 
  "model": "core.service", 
  "fields": {
    "name": "Federal & State Criminal Records", 
    "description": "Federal & State Criminal Records\r\n"
  }
},
{
  "pk": 10, 
  "model": "core.service", 
  "fields": {
    "name": "Federal Clearance Verification", 
    "description": "Federal Clearance Verification\r\n"
  }
},
{
  "pk": 11, 
  "model": "core.service", 
  "fields": {
    "name": "Global Media / Negative News Profile", 
    "description": "Global Media / Negative News Profile\r\n"
  }
},
{
  "pk": 12, 
  "model": "core.service", 
  "fields": {
    "name": "Global Sanctions & Watchlists", 
    "description": "Global Sanctions & Watchlists\r\n"
  }
},
{
  "pk": 13, 
  "model": "core.service", 
  "fields": {
    "name": "I-9 Verifications ", 
    "description": "I-9 Verifications \r\n"
  }
},
{
  "pk": 14, 
  "model": "core.service", 
  "fields": {
    "name": "Individual Stakeholder Review", 
    "description": "Individual Stakeholder Review\r\n"
  }
},
{
  "pk": 15, 
  "model": "core.service", 
  "fields": {
    "name": "International, Federal, and State Legal Source Review", 
    "description": "International, Federal, and State Legal Source Review\r\n"
  }
},
{
  "pk": 16, 
  "model": "core.service", 
  "fields": {
    "name": "Legal Source Reviews / Judiciary Case Search", 
    "description": "Legal Source Reviews / Judiciary Case Search\r\n"
  }
},
{
  "pk": 17, 
  "model": "core.service", 
  "fields": {
    "name": "Open Source & Public Records Search", 
    "description": "Open Source & Public Records Search\r\n"
  }
},
{
  "pk": 18, 
  "model": "core.service", 
  "fields": {
    "name": "Open Source Search", 
    "description": "Open Source Search\r\n"
  }
},
{
  "pk": 19, 
  "model": "core.service", 
  "fields": {
    "name": "Politically Exposed Persons (PEP) Screen", 
    "description": "Politically Exposed Persons (PEP) Screen\r\n"
  }
},
{
  "pk": 20, 
  "model": "core.service", 
  "fields": {
    "name": "Public Records Search", 
    "description": "Public Records Search\r\n"
  }
},
{
  "pk": 21, 
  "model": "core.service", 
  "fields": {
    "name": "Security Questionnaires", 
    "description": "Security Questionnaires\r\n"
  }
},
{
  "pk": 22, 
  "model": "core.service", 
  "fields": {
    "name": "Social Security Trace & Address Locator", 
    "description": "Social Security Trace & Address Locator\r\n"
  }
},
{
  "pk": 4, 
  "model": "core.duediligencetypeservices", 
  "fields": {
    "due_diligence_type": 3, 
    "service": 22
  }
},
{
  "pk": 5, 
  "model": "core.duediligencetypeservices", 
  "fields": {
    "due_diligence_type": 3, 
    "service": 9
  }
},
{
  "pk": 6, 
  "model": "core.duediligencetypeservices", 
  "fields": {
    "due_diligence_type": 3, 
    "service": 20
  }
},
{
  "pk": 7, 
  "model": "core.duediligencetypeservices", 
  "fields": {
    "due_diligence_type": 3, 
    "service": 11
  }
},
{
  "pk": 8, 
  "model": "core.duediligencetypeservices", 
  "fields": {
    "due_diligence_type": 3, 
    "service": 16
  }
},
{
  "pk": 9, 
  "model": "core.duediligencetypeservices", 
  "fields": {
    "due_diligence_type": 3, 
    "service": 18
  }
},
{
  "pk": 10, 
  "model": "core.duediligencetypeservices", 
  "fields": {
    "due_diligence_type": 3, 
    "service": 13
  }
},
{
  "pk": 11, 
  "model": "core.duediligencetypeservices", 
  "fields": {
    "due_diligence_type": 3, 
    "service": 6
  }
},
{
  "pk": 12, 
  "model": "core.duediligencetypeservices", 
  "fields": {
    "due_diligence_type": 3, 
    "service": 8
  }
},
{
  "pk": 13, 
  "model": "core.duediligencetypeservices", 
  "fields": {
    "due_diligence_type": 3, 
    "service": 10
  }
},
{
  "pk": 14, 
  "model": "core.duediligencetypeservices", 
  "fields": {
    "due_diligence_type": 4, 
    "service": 11
  }
},
{
  "pk": 15, 
  "model": "core.duediligencetypeservices", 
  "fields": {
    "due_diligence_type": 4, 
    "service": 14
  }
},
{
  "pk": 16, 
  "model": "core.duediligencetypeservices", 
  "fields": {
    "due_diligence_type": 4, 
    "service": 4
  }
},
{
  "pk": 17, 
  "model": "core.duediligencetypeservices", 
  "fields": {
    "due_diligence_type": 4, 
    "service": 12
  }
},
{
  "pk": 18, 
  "model": "core.duediligencetypeservices", 
  "fields": {
    "due_diligence_type": 4, 
    "service": 19
  }
},
{
  "pk": 19, 
  "model": "core.duediligencetypeservices", 
  "fields": {
    "due_diligence_type": 4, 
    "service": 15
  }
},
{
  "pk": 20, 
  "model": "core.duediligencetypeservices", 
  "fields": {
    "due_diligence_type": 4, 
    "service": 17
  }
},
{
  "pk": 21, 
  "model": "core.duediligencetypeservices", 
  "fields": {
    "due_diligence_type": 4, 
    "service": 7
  }
},
{
  "pk": 22, 
  "model": "core.duediligencetypeservices", 
  "fields": {
    "due_diligence_type": 4, 
    "service": 5
  }
},
{
  "pk": 23, 
  "model": "core.duediligencetypeservices", 
  "fields": {
    "due_diligence_type": 4, 
    "service": 21
  }
},
{
  "pk": 24, 
  "model": "core.duediligencetypeservices", 
  "fields": {
    "due_diligence_type": 5, 
    "service": 11
  }
},
{
  "pk": 25, 
  "model": "core.duediligencetypeservices", 
  "fields": {
    "due_diligence_type": 5, 
    "service": 14
  }
},
{
  "pk": 26, 
  "model": "core.duediligencetypeservices", 
  "fields": {
    "due_diligence_type": 5, 
    "service": 4
  }
},
{
  "pk": 27, 
  "model": "core.duediligencetypeservices", 
  "fields": {
    "due_diligence_type": 5, 
    "service": 12
  }
},
{
  "pk": 28, 
  "model": "core.duediligencetypeservices", 
  "fields": {
    "due_diligence_type": 5, 
    "service": 19
  }
},
{
  "pk": 29, 
  "model": "core.duediligencetypeservices", 
  "fields": {
    "due_diligence_type": 5, 
    "service": 15
  }
},
{
  "pk": 30, 
  "model": "core.duediligencetypeservices", 
  "fields": {
    "due_diligence_type": 5, 
    "service": 17
  }
},
{
  "pk": 31, 
  "model": "core.duediligencetypeservices", 
  "fields": {
    "due_diligence_type": 5, 
    "service": 7
  }
},
{
  "pk": 32, 
  "model": "core.duediligencetypeservices", 
  "fields": {
    "due_diligence_type": 5, 
    "service": 5
  }
},
{
  "pk": 33, 
  "model": "core.duediligencetypeservices", 
  "fields": {
    "due_diligence_type": 5, 
    "service": 21
  }
},
{
  "pk": 34, 
  "model": "core.duediligencetypeservices", 
  "fields": {
    "due_diligence_type": 6, 
    "service": 11
  }
},
{
  "pk": 35, 
  "model": "core.duediligencetypeservices", 
  "fields": {
    "due_diligence_type": 6, 
    "service": 14
  }
},
{
  "pk": 36, 
  "model": "core.duediligencetypeservices", 
  "fields": {
    "due_diligence_type": 6, 
    "service": 4
  }
},
{
  "pk": 37, 
  "model": "core.duediligencetypeservices", 
  "fields": {
    "due_diligence_type": 6, 
    "service": 12
  }
},
{
  "pk": 38, 
  "model": "core.duediligencetypeservices", 
  "fields": {
    "due_diligence_type": 6, 
    "service": 19
  }
},
{
  "pk": 39, 
  "model": "core.duediligencetypeservices", 
  "fields": {
    "due_diligence_type": 6, 
    "service": 15
  }
},
{
  "pk": 40, 
  "model": "core.duediligencetypeservices", 
  "fields": {
    "due_diligence_type": 6, 
    "service": 17
  }
},
{
  "pk": 41, 
  "model": "core.duediligencetypeservices", 
  "fields": {
    "due_diligence_type": 6, 
    "service": 7
  }
},
{
  "pk": 42, 
  "model": "core.duediligencetypeservices", 
  "fields": {
    "due_diligence_type": 6, 
    "service": 5
  }
},
{
  "pk": 43, 
  "model": "core.duediligencetypeservices", 
  "fields": {
    "due_diligence_type": 6, 
    "service": 21
  }
},
{
  "pk": 3, 
  "model": "core.companyduediligencetypeselection", 
  "fields": {
    "company": 3, 
    "due_diligence_type": 3
  }
},
{
  "pk": 4, 
  "model": "core.companyduediligencetypeselection", 
  "fields": {
    "company": 3, 
    "due_diligence_type": 4
  }
},
{
  "pk": 5, 
  "model": "core.companyduediligencetypeselection", 
  "fields": {
    "company": 4, 
    "due_diligence_type": 3
  }
},
{
  "pk": 6, 
  "model": "core.companyduediligencetypeselection", 
  "fields": {
    "company": 5, 
    "due_diligence_type": 4
  }
},
{
  "pk": 7, 
  "model": "core.companyduediligencetypeselection", 
  "fields": {
    "company": 5, 
    "due_diligence_type": 3
  }
},
{
  "pk": 8, 
  "model": "core.companyduediligencetypeselection", 
  "fields": {
    "company": 5, 
    "due_diligence_type": 6
  }
},
{
  "pk": 9, 
  "model": "core.companyduediligencetypeselection", 
  "fields": {
    "company": 5, 
    "due_diligence_type": 5
  }
},
{
  "pk": 6, 
  "model": "core.companyserviceselection", 
  "fields": {
    "dd_type": 3, 
    "service": 9
  }
},
{
  "pk": 7, 
  "model": "core.companyserviceselection", 
  "fields": {
    "dd_type": 3, 
    "service": 12
  }
},
{
  "pk": 8, 
  "model": "core.companyserviceselection", 
  "fields": {
    "dd_type": 5, 
    "service": 11
  }
},
{
  "pk": 9, 
  "model": "core.companyserviceselection", 
  "fields": {
    "dd_type": 5, 
    "service": 13
  }
},
{
  "pk": 10, 
  "model": "core.companyserviceselection", 
  "fields": {
    "dd_type": 6, 
    "service": 7
  }
},
{
  "pk": 11, 
  "model": "core.companyserviceselection", 
  "fields": {
    "dd_type": 6, 
    "service": 21
  }
},
{
  "pk": 12, 
  "model": "core.companyserviceselection", 
  "fields": {
    "dd_type": 7, 
    "service": 11
  }
},
{
  "pk": 13, 
  "model": "core.companyserviceselection", 
  "fields": {
    "dd_type": 7, 
    "service": 13
  }
},
{
  "pk": 14, 
  "model": "core.companyserviceselection", 
  "fields": {
    "dd_type": 8, 
    "service": 21
  }
},
{
  "pk": 15, 
  "model": "core.companyserviceselection", 
  "fields": {
    "dd_type": 8, 
    "service": 4
  }
},
{
  "pk": 16, 
  "model": "core.companyserviceselection", 
  "fields": {
    "dd_type": 9, 
    "service": 21
  }
},
{
  "pk": 17, 
  "model": "core.companyserviceselection", 
  "fields": {
    "dd_type": 9, 
    "service": 19
  }
},
{
  "pk": 18, 
  "model": "core.companyserviceselection", 
  "fields": {
    "dd_type": 4, 
    "service": 11
  }
},
{
  "pk": 19, 
  "model": "core.companyserviceselection", 
  "fields": {
    "dd_type": 4, 
    "service": 17
  }
}
]
