{
  "2": {
    "Property": {
      "Id": 4,
      "CreatedAt": "1627651305415",
      "UpdatedAt": "1640019796169",
      "UserId": "1CtoNmtKjoUmvcTWc0UPd5MvuUF3",
      "Tour360Url": "https://kuula.co/share/collection/7k2vY",
      "IsFeatured": false,
      "InternalComments": "Something\n\nHere",
      "Type": "PENTHOUSE",
      "Status": "AVAILABLE",
      "Purpose": "BOTH",
      "Condition": "EMPTY",
      "Relation": "OWNER",
      "Rooms": 1,
      "Suites": 4,
      "RestRooms": 3,
      "ParkingSpaces": 2,
      "HasPowderRoom": true,
      "HasServiceArea": true,
      "HasStoreRoom": true,
      "HasHeating": true,
      "HasAirConditioning": true,
      "HasBalcony": true,
      "HasGourmentBalcony": true,
      "LeaveKeyWithHabita": true,
      "IsPetFriendly": false,
      "PetSize": "MEDIUM",
      "LockType": "FINGERPRINT",
      "KeyStorage": "HOMEOWNER",
      "AdStatus": "PUBLISHED",
      "Area": 21,
      "AdditionalInfo": "aaa",
      "IsHabitaOwned": false,
      "AssociateCode": "3333",
      "Address": {
        "Id": 4,
        "CreatedAt": "1627651305497",
        "UpdatedAt": "1636119895364",
        "PostalCode": "01311-000",
        "StreetNumber": "131",
        "FloorNumber": 23,
        "Compl": "231",
        "Latitude": -23.5705218,
        "Longitude": -46.6457576,
        "City": "São Paulo",
        "Neighbourhood": "Bela Vista",
        "Address": "Avenida Paulista",
        "State": "SP",
        "PropertyId": 4
      },
      "Complex": {
        "Id": 4,
        "CreatedAt": "1627651305570",
        "UpdatedAt": "1636120527051",
        "Name": "Adekunbi Ed",
        "HasBarbequeArea": true,
        "HasGourmetArea": true,
        "HasPartyHall": false,
        "HasPool": false,
        "HasPlayground": true,
        "HasCoLiving": true,
        "HasCoWorking": false,
        "HasExternalWifi": false,
        "HasGym": false,
        "HasLaundry": false,
        "HasGame": false,
        "HasSports": true,
        "ConstructionYear": "2002",
        "ConstructionCompany": "Folababa Inc",
        "AdditionalInfo": "ewewesss\n",
        "ConciergeHours": "DAY",
        "PropertyId": 4
      },
      "SellCommercialConditions": {
        "Id": 6,
        "CreatedAt": "1627651305971",
        "UpdatedAt": "1630764782854",
        "Purpose": "SELL",
        "HabitaManagement": false,
        "EmptyDate": "2021-07-31",
        "IsEmpty": true,
        "Value": 1700000,
        "IptuValue": 500,
        "CondominimumValue": 900,
        "WifiCondo": true,
        "CableCondo": true,
        "CleaningCondo": true,
        "ReadjustmentIndex": null,
        "OtherIncludedItems": null,
        "PropertyId": 4
      },
      "RentCommercialConditions": {
        "Id": 7,
        "CreatedAt": "1627651306069",
        "UpdatedAt": "1638416643890",
        "Purpose": "RENT",
        "HabitaManagement": false,
        "EmptyDate": "2021-07-31",
        "IsEmpty": true,
        "Value": 25000,
        "IptuValue": 500,
        "CondominimumValue": 900,
        "WifiCondo": true,
        "CableCondo": true,
        "CleaningCondo": true,
        "ReadjustmentIndex": "IGPM",
        "OtherIncludedItems": null,
        "PropertyId": 4
      },
      "VisitHours": [
        {
          "Id": 28,
          "CreatedAt": "1627651305864",
          "UpdatedAt": "1636120587862",
          "Day": "SUNDAY",
          "Timings": [""],
          "PropertyId": 4
        },
        {
          "Id": 25,
          "CreatedAt": "1627651305847",
          "UpdatedAt": "1636120587865",
          "Day": "THURSDAY",
          "Timings": [""],
          "PropertyId": 4
        },
        {
          "Id": 27,
          "CreatedAt": "1627651305857",
          "UpdatedAt": "1636120587771",
          "Day": "TUESDAY",
          "Timings": ["8:00 - 9:00"],
          "PropertyId": 4
        },
        {
          "Id": 23,
          "CreatedAt": "1627651305808",
          "UpdatedAt": "1636120587782",
          "Day": "WEDNESDAY",
          "Timings": [""],
          "PropertyId": 4
        },
        {
          "Id": 22,
          "CreatedAt": "1627651305778",
          "UpdatedAt": "1636120587853",
          "Day": "MONDAY",
          "Timings": ["8:00 - 9:00", "9:00 - 10:00", "14:00 - 15:00"],
          "PropertyId": 4
        },
        {
          "Id": 24,
          "CreatedAt": "1627651305817",
          "UpdatedAt": "1636120587855",
          "Day": "SATURDAY",
          "Timings": [""],
          "PropertyId": 4
        },
        {
          "Id": 26,
          "CreatedAt": "1627651305852",
          "UpdatedAt": "1636120587767",
          "Day": "FRIDAY",
          "Timings": [""],
          "PropertyId": 4
        }
      ],
      "Medias": [
        {
          "Id": 96,
          "CreatedAt": "1629379776107",
          "UpdatedAt": "1633468403361",
          "Priority": 5,
          "RawPath": "raw/property_4/89a96dd9-967e-4e1c-97c9-6f5e44bbda7c.jpeg",
          "MediumPath": "https://static-staging.habita365.com.br/property_4/medium/89a96dd9-967e-4e1c-97c9-6f5e44bbda7c.jpg",
          "LargePath": "https://static-staging.habita365.com.br/property_4/large/89a96dd9-967e-4e1c-97c9-6f5e44bbda7c.jpg",
          "ThumbPath": "https://static-staging.habita365.com.br/property_4/thumb/89a96dd9-967e-4e1c-97c9-6f5e44bbda7c.jpg",
          "Url": null,
          "Type": "IMAGE",
          "Status": "ACTIVE",
          "CaptureDate": "2021-08-19",
          "PropertyId": 4
        },
        {
          "Id": 71,
          "CreatedAt": "1628869384832",
          "UpdatedAt": "1633468403441",
          "Priority": 1,
          "RawPath": "raw/property_4/771c0c11-63cb-4c29-a30c-66f2909a88c7.jpeg",
          "MediumPath": "https://static-staging.habita365.com.br/property_4/medium/771c0c11-63cb-4c29-a30c-66f2909a88c7.jpg",
          "LargePath": "https://static-staging.habita365.com.br/property_4/large/771c0c11-63cb-4c29-a30c-66f2909a88c7.jpg",
          "ThumbPath": "https://static-staging.habita365.com.br/property_4/thumb/771c0c11-63cb-4c29-a30c-66f2909a88c7.jpg",
          "Url": null,
          "Type": "IMAGE",
          "Status": "ACTIVE",
          "CaptureDate": "2021-08-13",
          "PropertyId": 4
        },
        {
          "Id": 59,
          "CreatedAt": "1628787999968",
          "UpdatedAt": "1633468403438",
          "Priority": 2,
          "RawPath": "raw/property_4/e7e94051-b8b0-48f1-a23e-d09d72faf233.jpg",
          "MediumPath": "https://static-staging.habita365.com.br/property_4/medium/e7e94051-b8b0-48f1-a23e-d09d72faf233.jpg",
          "LargePath": "https://static-staging.habita365.com.br/property_4/large/e7e94051-b8b0-48f1-a23e-d09d72faf233.jpg",
          "ThumbPath": "https://static-staging.habita365.com.br/property_4/thumb/e7e94051-b8b0-48f1-a23e-d09d72faf233.jpg",
          "Url": null,
          "Type": "IMAGE",
          "Status": "ACTIVE",
          "CaptureDate": "2021-08-08",
          "PropertyId": 4
        },
        {
          "Id": 164,
          "CreatedAt": "1633506894796",
          "UpdatedAt": "1633506898661",
          "Priority": 6,
          "RawPath": "raw/property_4/f445a635-caff-4f7b-8d00-87a943b4195d.jpeg",
          "MediumPath": "https://static-staging.habita365.com.br/property_4/medium/f445a635-caff-4f7b-8d00-87a943b4195d.jpg",
          "LargePath": "https://static-staging.habita365.com.br/property_4/large/f445a635-caff-4f7b-8d00-87a943b4195d.jpg",
          "ThumbPath": "https://static-staging.habita365.com.br/property_4/thumb/f445a635-caff-4f7b-8d00-87a943b4195d.jpg",
          "Url": null,
          "Type": "IMAGE",
          "Status": "ACTIVE",
          "CaptureDate": "2021-10-06",
          "PropertyId": 4
        },
        {
          "Id": 154,
          "CreatedAt": "1633468261479",
          "UpdatedAt": "1633468403301",
          "Priority": 4,
          "RawPath": "raw/property_4/6f7cff5e-c9bd-46b4-ace9-7b4a516dae38.jpeg",
          "MediumPath": "https://static-staging.habita365.com.br/property_4/medium/6f7cff5e-c9bd-46b4-ace9-7b4a516dae38.jpg",
          "LargePath": "https://static-staging.habita365.com.br/property_4/large/6f7cff5e-c9bd-46b4-ace9-7b4a516dae38.jpg",
          "ThumbPath": "https://static-staging.habita365.com.br/property_4/thumb/6f7cff5e-c9bd-46b4-ace9-7b4a516dae38.jpg",
          "Url": null,
          "Type": "IMAGE",
          "Status": "ACTIVE",
          "CaptureDate": "2021-10-05",
          "PropertyId": 4
        },
        {
          "Id": 152,
          "CreatedAt": "1633468260785",
          "UpdatedAt": "1633468403357",
          "Priority": 3,
          "RawPath": "raw/property_4/a4009c24-f352-4302-b618-8d9735132638.jpeg",
          "MediumPath": "https://static-staging.habita365.com.br/property_4/medium/a4009c24-f352-4302-b618-8d9735132638.jpg",
          "LargePath": "https://static-staging.habita365.com.br/property_4/large/a4009c24-f352-4302-b618-8d9735132638.jpg",
          "ThumbPath": "https://static-staging.habita365.com.br/property_4/thumb/a4009c24-f352-4302-b618-8d9735132638.jpg",
          "Url": null,
          "Type": "IMAGE",
          "Status": "ACTIVE",
          "CaptureDate": "2021-10-05",
          "PropertyId": 4
        }
      ]
    },
    "Id": 2,
    "CreatedAt": "1635512083550",
    "UpdatedAt": "1635512083550",
    "PropertyId": 4,
    "DealingId": 60,
    "UserId": "2JlIbsjEB8XBeopb2WMYZfmhFpq2",
    "OwnerId": "1CtoNmtKjoUmvcTWc0UPd5MvuUF3",
    "Type": null,
    "MovingDate": "2021-11-17",
    "Status": "PENDING",
    "RelationWithProperty": "OWNER",
    "HasLegalEntity": null,
    "ReadjustmentIndex": "IGPM",
    "Purpose": null,
    "Price": 1300.132,
    "HabitaManagement": null,
    "CondominimumValue": 800,
    "IptuValue": 3000,
    "ManagementFee": null,
    "StartDate": "10/10/2020",
    "EndDate": "10/14/2022",
    "Tenants": [
      {
        "Id": 25,
        "CreatedAt": "1636559305755",
        "UpdatedAt": "1636559305755",
        "ContractId": 2,
        "Percentage": "20.00",
        "PersonId": 10,
        "Type": "TENANT",
        "IsMain": false,
        "Person": {
          "Id": 10,
          "CreatedAt": "1635877624538",
          "UpdatedAt": "1635877624538",
          "RegisteredBy": "2JlIbsjEB8XBeopb2WMYZfmhFpq2",
          "IsLandlord": false,
          "IsTenant": true,
          "PhoneNumber": "5523923923923",
          "Name": "Thaís Fernandes Araujo",
          "Email": "dekunbifola100@gmail.com",
          "IdentificationNumber": "730.775.580-76",
          "IsLegalEntity": false,
          "LegalPersonId": null,
          "Address": {
            "Id": 10,
            "CreatedAt": "1635877624619",
            "UpdatedAt": "1635877624619",
            "PostalCode": "04511-011",
            "StreetNumber": "11",
            "Compl": "asasas",
            "City": "São Paulo",
            "Neighbourhood": "Vila Nova Conceição",
            "Address": "Rua Afonso Braz",
            "State": "SP",
            "PersonId": 10
          }
        }
      },
      {
        "Id": 12,
        "CreatedAt": "1636092852446",
        "UpdatedAt": "1636092852446",
        "ContractId": 2,
        "Percentage": "40.00",
        "PersonId": 13,
        "Type": "TENANT",
        "IsMain": false,
        "Person": {
          "Id": 13,
          "CreatedAt": "1636092851645",
          "UpdatedAt": "1636092851645",
          "RegisteredBy": "2JlIbsjEB8XBeopb2WMYZfmhFpq2",
          "IsLandlord": false,
          "IsTenant": true,
          "PhoneNumber": "2348168837575",
          "Name": "Tomás Gomes Barros",
          "Email": "dekunbifola100@gmail.com",
          "IdentificationNumber": "334.078.678-08",
          "IsLegalEntity": false,
          "LegalPersonId": null,
          "Address": {
            "Id": 13,
            "CreatedAt": "1636092851736",
            "UpdatedAt": "1636092851736",
            "PostalCode": "04511-011",
            "StreetNumber": "11",
            "Compl": "asasas",
            "City": "São Paulo",
            "Neighbourhood": "Vila Nova Conceição",
            "Address": "Rua Afonso Braz",
            "State": "SP",
            "PersonId": 13
          }
        }
      },
      {
        "Id": 27,
        "CreatedAt": "1636603409258",
        "UpdatedAt": "1636603409258",
        "ContractId": 2,
        "Percentage": "20.00",
        "PersonId": 21,
        "Type": "TENANT",
        "IsMain": false,
        "Person": {
          "Id": 21,
          "CreatedAt": "1636602593656",
          "UpdatedAt": "1636602593656",
          "RegisteredBy": "2JlIbsjEB8XBeopb2WMYZfmhFpq2",
          "IsLandlord": false,
          "IsTenant": true,
          "PhoneNumber": "5512912991292",
          "Name": "Adekunbi Adefolarin",
          "Email": "dekunbifola100@gmail.com",
          "IdentificationNumber": "672.837.445-09",
          "IsLegalEntity": false,
          "LegalPersonId": null,
          "Address": {
            "Id": 21,
            "CreatedAt": "1636602593684",
            "UpdatedAt": "1636602593684",
            "PostalCode": "04511-011",
            "StreetNumber": "11",
            "Compl": "asasas",
            "City": "São Paulo",
            "Neighbourhood": "Vila Nova Conceição",
            "Address": "Rua Afonso Braz",
            "State": "SP",
            "PersonId": 21
          }
        }
      },
      {
        "Id": 32,
        "CreatedAt": "1640076120747",
        "UpdatedAt": "1640076120747",
        "ContractId": 2,
        "Percentage": "20.00",
        "PersonId": 26,
        "Type": "TENANT",
        "IsMain": false,
        "Person": {
          "Id": 26,
          "CreatedAt": "1640076120028",
          "UpdatedAt": "1640076120028",
          "RegisteredBy": "2JlIbsjEB8XBeopb2WMYZfmhFpq2",
          "IsLandlord": false,
          "IsTenant": true,
          "PhoneNumber": "551199009999",
          "Name": "Leonardo Cury",
          "Email": "dekunbifola100@gmail.com",
          "IdentificationNumber": "675.476.735-97",
          "IsLegalEntity": false,
          "LegalPersonId": null,
          "Address": {
            "Id": 26,
            "CreatedAt": "1640076120052",
            "UpdatedAt": "1640076120052",
            "PostalCode": "04511-011",
            "StreetNumber": "11",
            "Compl": "Something",
            "City": "São Paulo",
            "Neighbourhood": "Vila Nova Conceição",
            "Address": "Rua Afonso Braz",
            "State": "SP",
            "PersonId": 26
          }
        }
      }
    ],
    "Landlords": [
      {
        "Id": 1,
        "CreatedAt": "1635608951178",
        "UpdatedAt": "1635608951178",
        "ContractId": 2,
        "Percentage": "100.00",
        "PersonId": 5,
        "Type": "LANDLORD",
        "IsMain": false,
        "Person": {
          "Id": 5,
          "CreatedAt": "1635608950411",
          "UpdatedAt": "1635608950411",
          "RegisteredBy": "1CtoNmtKjoUmvcTWc0UPd5MvuUF3",
          "IsLandlord": false,
          "IsTenant": false,
          "PhoneNumber": "+55 (12) 121111111",
          "Name": "Carvalho e Rodrigues Locações de Automóveis LTDA.",
          "Email": "dekunbifola600@gmail.com",
          "IdentificationNumber": "28.034.529/0001-45",
          "IsLegalEntity": true,
          "LegalPersonId": null,
          "Address": {
            "Id": 5,
            "CreatedAt": "1635608950422",
            "UpdatedAt": "1635608950422",
            "PostalCode": "04511-011",
            "StreetNumber": "11",
            "Compl": "asasas",
            "City": "São Paulo",
            "Neighbourhood": "Vila Nova Conceição",
            "Address": "Rua Afonso Braz",
            "State": "SP",
            "PersonId": 5
          },
          "LegalRepresentatives": [
            {
              "Id": 7,
              "CreatedAt": "1635657538378",
              "UpdatedAt": "1635657538378",
              "RegisteredBy": "1CtoNmtKjoUmvcTWc0UPd5MvuUF3",
              "IsLandlord": false,
              "IsTenant": false,
              "PhoneNumber": "5512912991292",
              "Name": "Isabella Carvalho Rocha",
              "Email": "dekunbifola106@gmail.com",
              "IdentificationNumber": "618.826.337-92",
              "IsLegalEntity": false,
              "LegalPersonId": 5
            },
            {
              "Id": 8,
              "CreatedAt": "1635657639158",
              "UpdatedAt": "1635657639158",
              "RegisteredBy": "1CtoNmtKjoUmvcTWc0UPd5MvuUF3",
              "IsLandlord": false,
              "IsTenant": false,
              "PhoneNumber": "5512912991292",
              "Name": "Arthur Oliveira Rodrigues",
              "Email": "dekunbifola107@gmail.com",
              "IdentificationNumber": "083.175.360-92",
              "IsLegalEntity": false,
              "LegalPersonId": 5
            },
            {
              "Id": 11,
              "CreatedAt": "1635918354064",
              "UpdatedAt": "1635918354064",
              "RegisteredBy": "1CtoNmtKjoUmvcTWc0UPd5MvuUF3",
              "IsLandlord": true,
              "IsTenant": false,
              "PhoneNumber": "5512912991292",
              "Name": "Diego Cardoso Carvalho",
              "Email": "dekunbifola100@gmail.com",
              "IdentificationNumber": "738.037.513-06",
              "IsLegalEntity": false,
              "LegalPersonId": 5
            },
            {
              "Id": 9,
              "CreatedAt": "1635657711450",
              "UpdatedAt": "1635657711450",
              "RegisteredBy": "1CtoNmtKjoUmvcTWc0UPd5MvuUF3",
              "IsLandlord": true,
              "IsTenant": false,
              "PhoneNumber": "5512912991292",
              "Name": "Manuela Correia Gomes",
              "Email": "dekunbifola108@gmail.com",
              "IdentificationNumber": "888.725.733-78",
              "IsLegalEntity": false,
              "LegalPersonId": 5
            }
          ]
        }
      }
    ]
  }
}
